x,y,z,type
-11,6,22,minecraft:sign
-11,5,21,minecraft:sign
-11,5,22,minecraft:sign
-11,5,23,minecraft:sign
-8,40,37,minecraft:sign
-6,40,37,minecraft:sign
-6,40,38,minecraft:sign
-27,12,8,minecraft:skull
-24,13,6,minecraft:skull
-28,12,10,minecraft:skull
-22,13,5,minecraft:skull
-27,10,9,minecraft:skull
-22,10,5,minecraft:skull
-23,10,6,minecraft:skull
-25,11,9,minecraft:skull
-22,13,8,minecraft:skull
-23,11,8,minecraft:skull
-30,2,6,minecraft:sign
-27,2,3,minecraft:ender_chest
-26,11,12,minecraft:skull
-20,10,6,minecraft:skull
-24,10,10,minecraft:skull
-29,1,6,minecraft:command_block
-25,10,12,minecraft:skull
-24,11,12,minecraft:skull
-20,12,11,minecraft:skull
-22,12,13,minecraft:skull
-23,9,12,minecraft:skull
-18,11,9,minecraft:skull
-20,10,12,minecraft:skull
-29,11,21,minecraft:skull
-29,9,22,minecraft:skull
-31,11,27,minecraft:skull
-17,58,29,minecraft:dispenser
-24,11,21,minecraft:skull
-28,11,25,minecraft:skull
-23,11,22,minecraft:skull
-23,13,24,minecraft:skull
-28,9,25,minecraft:skull
-25,11,24,minecraft:skull
-30,9,27,minecraft:skull
-26,11,26,minecraft:skull
-28,9,28,minecraft:skull
-25,11,28,minecraft:skull
-25,9,26,minecraft:skull
-20,57,26,minecraft:sign
-20,57,27,minecraft:sign
-18,57,26,minecraft:sign
-18,57,27,minecraft:sign
-19,57,29,minecraft:sign
-30,8,23,minecraft:skull
-32,8,25,minecraft:skull
-28,12,28,minecraft:skull
-25,10,23,minecraft:skull
-27,10,28,minecraft:skull
3,22,13,minecraft:campfire
3,33,9,minecraft:shulker_box
3,34,13,minecraft:shulker_box
-3,31,5,minecraft:sign
-14,77,0,minecraft:sign
-13,78,1,minecraft:sign
-13,78,2,minecraft:sign
-1,32,9,minecraft:shulker_box
-11,77,2,minecraft:sign
-11,76,2,minecraft:command_block
3,51,26,minecraft:furnace
22,30,40,minecraft:skull
27,30,40,minecraft:skull
-33,40,25,minecraft:sign
-34,38,25,minecraft:sign
-36,40,25,minecraft:sign
-35,40,25,minecraft:sign
-40,35,25,minecraft:sign
-34,40,25,minecraft:sign
-51,42,29,minecraft:sign
-50,42,24,minecraft:trapped_chest
-49,43,24,minecraft:sign
-49,42,24,minecraft:sign
-71,40,29,minecraft:command_block
-135,5,-141,minecraft:bed
-136,5,-141,minecraft:bed
-139,4,-147,minecraft:chest
-140,4,-157,minecraft:chest
273,5,474,minecraft:sign
282,3,464,minecraft:command_block
285,1,466,minecraft:command_block
285,1,464,minecraft:command_block
284,1,465,minecraft:command_block
285,1,465,minecraft:command_block
284,1,466,minecraft:command_block
282,1,465,minecraft:command_block
284,3,465,minecraft:command_block
284,1,464,minecraft:command_block
282,1,466,minecraft:command_block
284,3,466,minecraft:command_block
282,3,465,minecraft:command_block
275,5,474,minecraft:sign
282,1,464,minecraft:command_block
284,3,464,minecraft:command_block
282,3,466,minecraft:command_block
287,5,476,minecraft:command_block
287,5,477,minecraft:command_block
286,5,477,minecraft:command_block
285,5,477,minecraft:command_block
285,5,476,minecraft:command_block
286,5,476,minecraft:command_block
273,4,474,minecraft:command_block
280,4,474,minecraft:sign
281,4,474,minecraft:sign
282,0,466,minecraft:command_block
284,2,466,minecraft:command_block
282,0,464,minecraft:command_block
284,2,464,minecraft:command_block
282,2,466,minecraft:command_block
282,0,465,minecraft:command_block
284,2,465,minecraft:command_block
282,2,464,minecraft:command_block
282,2,465,minecraft:command_block
275,4,474,minecraft:command_block
283,4,475,minecraft:chest
282,4,476,minecraft:sign
283,4,476,minecraft:chest
282,4,475,minecraft:sign
288,5,476,minecraft:command_block
289,5,476,minecraft:command_block
289,5,477,minecraft:command_block
288,5,477,minecraft:command_block
266,5,455,minecraft:command_block
268,6,455,minecraft:sign
266,7,455,minecraft:command_block
268,8,455,minecraft:sign
266,7,456,minecraft:command_block
284,3,461,minecraft:command_block
282,3,463,minecraft:command_block
282,1,462,minecraft:command_block
282,3,461,minecraft:command_block
284,1,456,minecraft:beacon
284,1,454,minecraft:beacon
282,1,456,minecraft:beacon
285,1,462,minecraft:command_block
284,3,463,minecraft:command_block
284,1,462,minecraft:command_block
284,0,449,minecraft:command_block
284,2,448,minecraft:command_block
282,0,449,minecraft:command_block
282,2,448,minecraft:command_block
282,2,462,minecraft:command_block
282,0,461,minecraft:command_block
284,2,462,minecraft:command_block
282,0,463,minecraft:command_block
280,5,451,minecraft:sign
282,3,448,minecraft:command_block
281,5,451,minecraft:lectern
280,5,459,minecraft:sign
281,5,459,minecraft:lectern
284,1,449,minecraft:command_block
286,5,451,minecraft:sign
282,1,449,minecraft:command_block
285,5,451,minecraft:lectern
284,3,448,minecraft:command_block
283,5,451,minecraft:ender_chest
282,1,461,minecraft:command_block
284,3,462,minecraft:command_block
286,5,459,minecraft:sign
286,1,455,minecraft:command_block
282,3,462,minecraft:command_block
285,5,459,minecraft:lectern
283,5,459,minecraft:ender_chest
284,1,463,minecraft:command_block
285,1,463,minecraft:command_block
284,1,461,minecraft:command_block
282,1,463,minecraft:command_block
285,1,461,minecraft:command_block
284,0,448,minecraft:command_block
282,0,448,minecraft:command_block
284,2,449,minecraft:command_block
282,2,449,minecraft:command_block
284,2,461,minecraft:command_block
282,2,463,minecraft:command_block
282,2,461,minecraft:command_block
282,0,462,minecraft:command_block
284,2,463,minecraft:command_block
282,1,454,minecraft:beacon
284,3,449,minecraft:command_block
284,1,448,minecraft:command_block
282,3,449,minecraft:command_block
282,1,448,minecraft:command_block
271,5,474,minecraft:sign
271,4,474,minecraft:command_block
300,5,455,minecraft:command_block
300,7,455,minecraft:command_block
300,7,454,minecraft:command_block
298,6,455,minecraft:sign
298,8,455,minecraft:sign
275,6,442,minecraft:sign
282,0,444,minecraft:command_block
284,2,444,minecraft:command_block
282,2,446,minecraft:command_block
282,0,445,minecraft:command_block
284,2,445,minecraft:command_block
282,2,447,minecraft:command_block
282,2,444,minecraft:command_block
282,2,445,minecraft:command_block
284,0,446,minecraft:command_block
284,0,447,minecraft:command_block
284,0,444,minecraft:command_block
282,0,446,minecraft:command_block
284,2,446,minecraft:command_block
284,0,445,minecraft:command_block
282,0,447,minecraft:command_block
284,2,447,minecraft:command_block
275,3,444,minecraft:command_block
282,1,445,minecraft:command_block
284,3,445,minecraft:command_block
282,3,447,minecraft:command_block
284,1,444,minecraft:command_block
282,1,446,minecraft:command_block
284,3,446,minecraft:command_block
282,3,445,minecraft:command_block
282,1,444,minecraft:command_block
284,3,444,minecraft:command_block
282,3,446,minecraft:command_block
282,3,444,minecraft:command_block
284,1,447,minecraft:command_block
284,1,445,minecraft:command_block
282,1,447,minecraft:command_block
284,3,447,minecraft:command_block
284,1,446,minecraft:command_block
276,4,502,minecraft:command_block
291,6,442,minecraft:sign
291,3,444,minecraft:command_block
-129,5,-166,minecraft:bed
-129,5,-167,minecraft:bed
-150,5,-173,minecraft:bed
-151,5,-173,minecraft:bed
-166,5,-168,minecraft:bed
-167,5,-168,minecraft:bed
152,6,337,minecraft:bell
137,5,336,minecraft:bed
137,5,335,minecraft:bed
131,5,304,minecraft:bed
131,5,305,minecraft:bed
137,5,301,minecraft:bed
137,5,302,minecraft:bed
119,7,293,minecraft:furnace
119,6,293,minecraft:furnace
104,5,272,minecraft:bed
105,5,272,minecraft:bed
106,5,299,minecraft:bell
103,4,301,minecraft:command_block
103,4,302,minecraft:sign
101,4,301,minecraft:command_block
101,4,302,minecraft:sign
104,5,293,minecraft:bed
105,5,293,minecraft:bed
103,4,305,minecraft:sign
105,4,305,minecraft:sign
106,4,305,minecraft:command_block
291,3,466,minecraft:command_block
291,6,468,minecraft:sign
275,3,466,minecraft:command_block
275,3,466,minecraft:command_block
275,6,468,minecraft:sign
90,5,322,minecraft:bed
90,5,323,minecraft:bed
80,5,316,minecraft:bed
81,5,316,minecraft:bed
51,3,370,minecraft:command_block
51,3,357,minecraft:command_block
55,4,352,minecraft:sign
51,3,364,minecraft:command_block
56,1,351,minecraft:command_block
55,4,350,minecraft:sign
55,4,351,minecraft:command_block
51,3,351,minecraft:command_block
44,4,364,minecraft:ender_chest
46,4,362,minecraft:sign
45,4,362,minecraft:chest
46,4,357,minecraft:sign
44,4,358,minecraft:ender_chest
45,4,357,minecraft:chest
46,4,367,minecraft:sign
45,4,367,minecraft:chest
32,6,346,minecraft:sign
42,4,337,minecraft:command_block
43,4,337,minecraft:sign
40,5,305,minecraft:bed
40,5,304,minecraft:bed
45,4,372,minecraft:chest
46,4,372,minecraft:sign
44,4,369,minecraft:ender_chest
27,4,329,minecraft:command_block
28,4,329,minecraft:sign
27,4,330,minecraft:ender_chest
27,4,328,minecraft:ender_chest
30,4,347,minecraft:dispenser
30,5,347,minecraft:dispenser
30,4,345,minecraft:dispenser
29,4,346,minecraft:dispenser
30,5,345,minecraft:dispenser
29,5,346,minecraft:dispenser
27,6,366,minecraft:dispenser
27,6,361,minecraft:dispenser
27,6,356,minecraft:dispenser
27,6,371,minecraft:dispenser
197,7,373,minecraft:comparator
198,7,373,minecraft:comparator
199,7,373,minecraft:comparator
199,8,372,minecraft:comparator
197,8,372,minecraft:comparator
197,9,373,minecraft:comparator
199,9,373,minecraft:comparator
198,9,373,minecraft:comparator
198,4,375,minecraft:hopper
198,5,375,minecraft:hopper
197,5,375,minecraft:hopper
196,5,375,minecraft:hopper
199,5,375,minecraft:hopper
200,5,375,minecraft:hopper
196,8,376,minecraft:dropper
197,7,376,minecraft:dropper
197,9,376,minecraft:dropper
198,9,376,minecraft:dropper
199,9,376,minecraft:dropper
200,8,376,minecraft:dropper
199,7,376,minecraft:dropper
198,7,376,minecraft:dropper
198,4,366,minecraft:hopper
198,4,367,minecraft:hopper
198,4,368,minecraft:hopper
198,4,369,minecraft:hopper
198,4,370,minecraft:hopper
198,4,371,minecraft:hopper
198,4,372,minecraft:hopper
198,4,373,minecraft:hopper
198,4,374,minecraft:hopper
198,4,365,minecraft:dropper
197,4,365,minecraft:comparator
197,8,370,minecraft:comparator
199,8,370,minecraft:comparator
199,7,369,minecraft:comparator
198,7,369,minecraft:comparator
197,7,369,minecraft:comparator
199,9,369,minecraft:comparator
198,9,369,minecraft:comparator
197,9,369,minecraft:comparator
193,11,368,minecraft:dropper
192,11,368,minecraft:dropper
194,11,368,minecraft:comparator
193,6,366,minecraft:dropper
192,6,366,minecraft:dropper
193,6,364,minecraft:chest
193,7,364,minecraft:hopper
193,7,363,minecraft:hopper
193,7,365,minecraft:comparator
193,6,367,minecraft:comparator
193,6,372,minecraft:comparator
193,6,373,minecraft:comparator
192,7,371,minecraft:dropper
192,7,370,minecraft:hopper
192,7,369,minecraft:comparator
195,6,364,minecraft:ender_chest
201,6,364,minecraft:ender_chest
195,4,376,minecraft:comparator
195,3,375,minecraft:dropper
195,4,375,minecraft:hopper
195,3,371,minecraft:hopper
195,3,370,minecraft:hopper
195,3,372,minecraft:comparator
194,7,363,minecraft:dropper
193,7,362,minecraft:comparator
