x,y,z,uuid,type,alive,display_name,custom_name
-2.87353515625,29.0,27.069580078125,479b5788-4796-4a66-82da-3c55985797be,minecraft:boat,true,Boat,[null]
-2.775146484375,29.0,17.243896484375,3d9a6a45-66a7-4037-b60c-d3b2a6ec53fc,minecraft:boat,true,Boat,[null]
-0.51611328125,43.0,17.5791015625,2490b85d-71fc-4211-86eb-5e93f26a324a,minecraft:boat,true,Boat,[null]
-0.379638671875,44.0,24.44677734375,bde2f163-d16b-4122-bd47-516cbd8a6818,minecraft:boat,true,Boat,[null]
-8.291956633852202,37.0,42.43673605643395,6f0c0b5c-df7c-4195-af16-6d3e55433e07,minecraft:boat,true,Boat,[null]
-5.052734375,39.1875,41.240234375,70a84370-341b-4145-b972-7585eba3ba45,minecraft:boat,true,Boat,[null]
-11.390625,42.0,41.274169921875,2ac68c41-2b24-4ef9-95ea-1aff51e0102a,minecraft:boat,true,Boat,[null]
-2.158203125,29.0,12.655517578125,482a66cf-a098-4443-bcdb-6dea197c7030,minecraft:boat,true,Boat,[null]
-2.6993476100226586,30.0,8.18603515625,85067b7b-7307-46e6-aada-a37e030cdb6f,minecraft:boat,true,Boat,[null]
1.247314453125,29.0,22.12109375,97d00da7-2cd7-493c-a1bb-22e837e8347a,minecraft:boat,true,Boat,[null]
7.141845873596625,42.0,17.99096891925041,18064471-e598-43c7-abdc-1b6567dacee6,minecraft:boat,true,Boat,[null]
0.215087890625,45.0,31.156982421875,4db21a38-62b8-46f8-b9a0-3773c164e458,minecraft:boat,true,Boat,[null]
17.6875,31.0,40.8828125,3976d141-7246-4583-8c22-61cda186bdc5,minecraft:boat,true,Boat,[null]
284.03125,6.5,464.5,8e2c9323-5c6a-4e96-b76c-b304e505f6f1,minecraft:item_frame,true,Item Frame,[null]
284.03125,6.5,465.5,5f0491d7-ac78-415b-97c5-f7a98c4dcf82,minecraft:item_frame,true,Item Frame,[null]
284.03125,6.5,466.5,b536b4a6-4270-4345-9cfa-fbdba0864d2a,minecraft:item_frame,true,Item Frame,[null]
282.96875,6.5,466.5,91a7da02-8bb4-4233-89a1-a428ac98538f,minecraft:item_frame,true,Item Frame,[null]
282.96875,6.5,465.5,61e4bbb9-4ecd-487a-937c-168d86bc8d47,minecraft:item_frame,true,Item Frame,[null]
282.96875,6.5,464.5,ed656528-6d11-41f9-96f6-33f40809a76e,minecraft:item_frame,true,Item Frame,[null]
282.96875,6.5,448.5,e220d763-8a6c-4876-a0bf-36e489216f47,minecraft:item_frame,true,Item Frame,[null]
282.96875,6.5,449.5,09216fab-d0a7-4fda-b2e5-0a1cf27cf0b9,minecraft:item_frame,true,Item Frame,[null]
284.03125,6.5,449.5,bcdfe7c6-3d63-496a-b215-9efce1ebeffa,minecraft:item_frame,true,Item Frame,[null]
284.03125,6.5,448.5,797c6a6e-c945-429b-a6d4-7a4eef4c0120,minecraft:item_frame,true,Item Frame,[null]
284.03125,6.5,461.5,3bc3726e-6911-48c1-97c4-49fa4527b561,minecraft:item_frame,true,Item Frame,[null]
284.03125,6.5,462.5,158a280f-8bf1-4e81-957c-811db352d9d3,minecraft:item_frame,true,Item Frame,[null]
284.03125,6.5,463.5,79cf83c0-2e90-4d78-bf51-20105889a7a4,minecraft:item_frame,true,Item Frame,[null]
282.96875,6.5,463.5,d195d50d-4eca-4a6b-883d-39629b12dac5,minecraft:item_frame,true,Item Frame,[null]
282.96875,6.5,462.5,5b6f770c-3eca-4e15-9c23-56a0aa3f83b2,minecraft:item_frame,true,Item Frame,[null]
282.96875,6.5,461.5,b2ab4c0c-1b90-4395-b17d-49cb886b1f20,minecraft:item_frame,true,Item Frame,[null]
282.96875,6.5,444.5,6943e7f3-c1f7-4f40-96d6-74ec61ee4d7c,minecraft:item_frame,true,Item Frame,[null]
282.96875,6.5,445.5,09dcc86d-5d65-472e-8574-732985ad2700,minecraft:item_frame,true,Item Frame,[null]
282.96875,6.5,446.5,6c38d882-eff3-4b68-956e-a9393f7bea78,minecraft:item_frame,true,Item Frame,[null]
282.96875,6.5,447.5,51fc4527-da1b-4a8f-8cab-7b189c09aab5,minecraft:item_frame,true,Item Frame,[null]
284.03125,6.5,447.5,f44e268d-4790-442e-ab4b-edf7ced78291,minecraft:item_frame,true,Item Frame,[null]
284.03125,6.5,446.5,a3248c95-b1c9-41ae-b567-75775a978d5b,minecraft:item_frame,true,Item Frame,[null]
284.03125,6.5,445.5,b4df662e-70fa-42ce-b5bf-49702c8b5ce6,minecraft:item_frame,true,Item Frame,[null]
284.03125,6.5,444.5,abf64bfb-0f03-4cd6-8d5d-41ba042eb5f2,minecraft:item_frame,true,Item Frame,[null]
202.24865700879363,9.6114552141506,374.5570856787573,9b542c1b-806b-432b-a3ce-4c0a54627cbc,minecraft:player,true,Hotsuke_UchYeHaw,[null]
21.99562008279661,5.441356362697201,561.5920950689415,9453f3b2-94a0-4e45-a886-5b92712d2077,minecraft:fireball,true,Fireball,[null]
200.5,8.5,366.96875,13c2dbe7-7827-4767-a0d7-75256d9cf105,minecraft:item_frame,true,Item Frame,[null]
200.5,10.5,366.96875,4ec34274-1919-4da2-8ff1-544bee1e3a43,minecraft:item_frame,true,Item Frame,[null]
196.5,10.5,366.96875,963e8c61-a582-4d9a-8409-c20ed9a85e27,minecraft:item_frame,true,Item Frame,[null]
196.5,8.5,366.96875,ca8a040e-05b0-4916-84e1-bf4cc9d1d9ff,minecraft:item_frame,true,Item Frame,[null]
198.5,6.5,366.96875,3195098b-dd47-489e-b7c0-288fd61017f5,minecraft:item_frame,true,Item Frame,[null]
198.5,10.5,366.96875,4e45fb5a-1baa-4c60-9198-3a36f4025ac2,minecraft:item_frame,true,Item Frame,[null]
196.5,6.5,366.96875,af70463b-e789-4acd-9793-1ad1a45540e5,minecraft:item_frame,true,Item Frame,[null]
200.5,6.5,366.96875,40fc2f3f-aa98-44bb-934e-e70b66334fcc,minecraft:item_frame,true,Item Frame,[null]
-7.626068175163618,3.9375,18.38368849400433,282722fc-2fc8-47e9-812d-d6ead34d2a15,minecraft:player,true,Sw3d15h_F1s4,[null]
