x,y,z,type
-11,6,22,minecraft:sign
-11,5,21,minecraft:sign
-11,5,22,minecraft:sign
-11,5,23,minecraft:sign
-8,40,37,minecraft:sign
-6,40,37,minecraft:sign
-6,40,38,minecraft:sign
-27,12,8,minecraft:skull
-24,13,6,minecraft:skull
-28,12,10,minecraft:skull
-22,13,5,minecraft:skull
-27,10,9,minecraft:skull
-22,10,5,minecraft:skull
-23,10,6,minecraft:skull
-25,11,9,minecraft:skull
-22,13,8,minecraft:skull
-23,11,8,minecraft:skull
-27,2,3,minecraft:ender_chest
-26,11,12,minecraft:skull
-20,10,6,minecraft:skull
-24,10,10,minecraft:skull
-25,10,12,minecraft:skull
-24,11,12,minecraft:skull
-20,12,11,minecraft:skull
-22,12,13,minecraft:skull
-23,9,12,minecraft:skull
-18,11,9,minecraft:skull
-20,10,12,minecraft:skull
-29,11,21,minecraft:skull
-20,57,26,minecraft:sign
-20,57,27,minecraft:sign
-18,57,26,minecraft:sign
-29,9,22,minecraft:skull
-18,57,27,minecraft:sign
-31,11,27,minecraft:skull
-19,57,29,minecraft:sign
-30,8,23,minecraft:skull
-32,8,25,minecraft:skull
-17,58,29,minecraft:dispenser
-24,11,21,minecraft:skull
-28,11,25,minecraft:skull
-28,9,25,minecraft:skull
-25,11,24,minecraft:skull
-30,9,27,minecraft:skull
-28,12,28,minecraft:skull
-25,10,23,minecraft:skull
-26,11,26,minecraft:skull
-28,9,28,minecraft:skull
-27,10,28,minecraft:skull
-25,11,28,minecraft:skull
-25,9,26,minecraft:skull
-15,0,15,minecraft:command_block
-3,31,5,minecraft:sign
-1,32,9,minecraft:shulker_box
-11,77,2,minecraft:sign
-11,76,2,minecraft:command_block
-15,1,15,minecraft:command_block
3,22,13,minecraft:campfire
3,33,9,minecraft:shulker_box
3,34,13,minecraft:shulker_box
3,51,26,minecraft:furnace
-33,40,25,minecraft:sign
-34,38,25,minecraft:sign
-36,40,25,minecraft:sign
-35,40,25,minecraft:sign
-40,35,25,minecraft:sign
-34,40,25,minecraft:sign
22,30,40,minecraft:skull
27,30,40,minecraft:skull
-51,42,29,minecraft:sign
-50,42,24,minecraft:trapped_chest
-49,43,24,minecraft:sign
-49,42,24,minecraft:sign
-71,40,29,minecraft:command_block
175,5,766,minecraft:command_block
174,5,766,minecraft:comparator
173,5,766,minecraft:command_block
177,5,766,minecraft:command_block
176,5,766,minecraft:comparator
174,5,770,minecraft:comparator
173,5,770,minecraft:command_block
175,5,768,minecraft:command_block
174,5,768,minecraft:comparator
173,5,768,minecraft:command_block
174,5,774,minecraft:comparator
173,5,774,minecraft:command_block
175,5,772,minecraft:command_block
174,5,772,minecraft:comparator
173,5,772,minecraft:command_block
175,5,770,minecraft:command_block
175,5,783,minecraft:command_block
174,5,783,minecraft:command_block
174,5,778,minecraft:comparator
173,5,778,minecraft:command_block
175,5,776,minecraft:command_block
174,5,776,minecraft:comparator
173,5,776,minecraft:command_block
175,5,774,minecraft:command_block
173,5,783,minecraft:command_block
175,5,780,minecraft:command_block
174,5,780,minecraft:comparator
173,5,780,minecraft:command_block
175,5,778,minecraft:command_block
176,5,768,minecraft:comparator
176,5,772,minecraft:comparator
177,5,770,minecraft:command_block
176,5,770,minecraft:comparator
177,5,768,minecraft:command_block
176,5,783,minecraft:command_block
182,4,775,minecraft:command_block
177,5,780,minecraft:command_block
182,4,778,minecraft:command_block
176,5,776,minecraft:comparator
177,5,774,minecraft:command_block
176,5,774,minecraft:comparator
177,5,772,minecraft:command_block
176,5,780,minecraft:comparator
177,5,778,minecraft:command_block
176,5,778,minecraft:comparator
177,5,776,minecraft:command_block
302,8,464,minecraft:skull
288,5,476,minecraft:command_block
302,8,465,minecraft:skull
302,7,464,minecraft:skull
291,3,466,minecraft:command_block
291,6,468,minecraft:sign
302,6,468,minecraft:skull
302,8,468,minecraft:skull
302,7,467,minecraft:skull
302,6,466,minecraft:skull
302,8,469,minecraft:sign
302,7,468,minecraft:skull
302,5,466,minecraft:skull
302,6,467,minecraft:skull
289,5,476,minecraft:command_block
289,5,477,minecraft:command_block
302,8,466,minecraft:skull
302,7,465,minecraft:skull
302,6,464,minecraft:skull
288,5,477,minecraft:command_block
302,8,467,minecraft:skull
302,7,466,minecraft:skull
302,5,464,minecraft:skull
284,7,465,minecraft:sign
282,3,464,minecraft:command_block
284,7,466,minecraft:sign
282,7,465,minecraft:sign
284,7,464,minecraft:sign
282,7,466,minecraft:sign
275,3,466,minecraft:command_block
282,7,464,minecraft:sign
285,1,466,minecraft:command_block
284,1,465,minecraft:command_block
285,1,464,minecraft:command_block
284,1,466,minecraft:command_block
285,1,465,minecraft:command_block
282,1,465,minecraft:command_block
284,3,465,minecraft:command_block
284,1,464,minecraft:command_block
282,1,466,minecraft:command_block
284,3,466,minecraft:command_block
282,3,465,minecraft:command_block
282,1,464,minecraft:command_block
284,3,464,minecraft:command_block
282,3,466,minecraft:command_block
287,5,476,minecraft:command_block
287,5,477,minecraft:command_block
285,5,476,minecraft:command_block
286,5,476,minecraft:command_block
275,6,468,minecraft:sign
280,4,474,minecraft:sign
281,4,474,minecraft:sign
284,2,466,minecraft:command_block
282,0,466,minecraft:command_block
284,2,464,minecraft:command_block
282,2,466,minecraft:command_block
282,0,464,minecraft:command_block
284,2,465,minecraft:command_block
282,0,465,minecraft:command_block
282,2,464,minecraft:command_block
282,2,465,minecraft:command_block
283,4,475,minecraft:chest
282,4,476,minecraft:sign
283,4,476,minecraft:chest
282,4,475,minecraft:sign
305,4,394,minecraft:command_block
307,4,397,minecraft:command_block
307,4,394,minecraft:command_block
305,4,397,minecraft:command_block
305,4,424,minecraft:command_block
305,4,421,minecraft:command_block
307,4,418,minecraft:command_block
305,4,418,minecraft:command_block
305,4,409,minecraft:command_block
307,4,406,minecraft:command_block
305,4,403,minecraft:command_block
305,4,406,minecraft:command_block
307,4,403,minecraft:command_block
307,4,415,minecraft:command_block
305,4,400,minecraft:command_block
305,4,415,minecraft:command_block
307,4,400,minecraft:command_block
307,4,412,minecraft:command_block
307,4,409,minecraft:command_block
305,4,412,minecraft:command_block
203,7,778,minecraft:barrel
201,2,777,minecraft:command_block
193,4,797,minecraft:sign
193,4,796,minecraft:sign
201,2,785,minecraft:command_block
284,3,461,minecraft:command_block
282,3,463,minecraft:command_block
282,1,462,minecraft:command_block
282,3,461,minecraft:command_block
284,7,463,minecraft:sign
282,7,463,minecraft:sign
284,7,461,minecraft:sign
282,7,461,minecraft:sign
285,1,462,minecraft:command_block
284,3,463,minecraft:command_block
284,1,462,minecraft:command_block
284,0,449,minecraft:command_block
284,2,448,minecraft:command_block
281,0,449,minecraft:command_block
282,0,449,minecraft:command_block
282,2,448,minecraft:command_block
282,2,462,minecraft:command_block
282,0,461,minecraft:command_block
285,0,461,minecraft:command_block
284,2,462,minecraft:command_block
282,0,463,minecraft:command_block
282,3,448,minecraft:command_block
284,7,448,minecraft:sign
282,7,448,minecraft:sign
284,1,449,minecraft:command_block
282,1,449,minecraft:command_block
284,3,448,minecraft:command_block
283,5,451,minecraft:ender_chest
282,1,461,minecraft:command_block
284,3,462,minecraft:command_block
286,1,455,minecraft:command_block
282,3,462,minecraft:command_block
284,7,462,minecraft:sign
283,5,459,minecraft:ender_chest
282,7,462,minecraft:sign
284,1,463,minecraft:command_block
285,1,463,minecraft:command_block
284,1,461,minecraft:command_block
282,1,463,minecraft:command_block
285,1,461,minecraft:command_block
284,0,448,minecraft:command_block
282,0,448,minecraft:command_block
284,2,449,minecraft:command_block
282,2,449,minecraft:command_block
284,2,461,minecraft:command_block
282,2,463,minecraft:command_block
282,2,461,minecraft:command_block
282,0,462,minecraft:command_block
284,2,463,minecraft:command_block
284,7,449,minecraft:sign
282,7,449,minecraft:sign
284,3,449,minecraft:command_block
284,1,448,minecraft:command_block
282,3,449,minecraft:command_block
282,1,448,minecraft:command_block
291,6,442,minecraft:sign
291,3,444,minecraft:command_block
266,5,455,minecraft:command_block
268,6,455,minecraft:sign
266,7,455,minecraft:command_block
268,8,455,minecraft:sign
266,7,456,minecraft:command_block
300,5,455,minecraft:command_block
300,7,455,minecraft:command_block
300,7,454,minecraft:command_block
302,7,463,minecraft:skull
302,7,461,minecraft:skull
302,5,459,minecraft:skull
302,7,462,minecraft:skull
302,5,460,minecraft:skull
302,7,459,minecraft:skull
302,7,460,minecraft:skull
302,5,458,minecraft:skull
302,7,457,minecraft:skull
302,7,458,minecraft:skull
302,5,463,minecraft:skull
302,8,457,minecraft:skull
298,6,455,minecraft:sign
298,8,455,minecraft:sign
302,6,462,minecraft:skull
302,4,460,minecraft:skull
302,6,463,minecraft:skull
302,8,462,minecraft:skull
302,6,460,minecraft:skull
302,8,463,minecraft:skull
302,6,461,minecraft:skull
302,8,460,minecraft:skull
302,6,458,minecraft:skull
302,8,461,minecraft:skull
302,6,459,minecraft:skull
302,8,458,minecraft:skull
302,8,459,minecraft:skull
271,5,474,minecraft:sign
271,4,474,minecraft:command_block
268,4,474,minecraft:command_block
268,4,475,minecraft:sign
266,4,474,minecraft:command_block
266,4,475,minecraft:sign
328,3,433,minecraft:beehive
329,3,433,minecraft:beehive
327,3,433,minecraft:beehive
334,3,433,minecraft:beehive
335,3,433,minecraft:beehive
332,3,433,minecraft:beehive
333,3,433,minecraft:beehive
330,3,433,minecraft:beehive
331,3,433,minecraft:beehive
328,10,432,minecraft:beehive
326,10,434,minecraft:beehive
329,10,432,minecraft:beehive
327,10,434,minecraft:beehive
325,10,436,minecraft:beehive
326,10,432,minecraft:beehive
327,10,432,minecraft:beehive
325,10,434,minecraft:beehive
325,10,432,minecraft:beehive
327,4,435,minecraft:sign
334,10,434,minecraft:beehive
332,10,436,minecraft:beehive
328,4,435,minecraft:sign
335,10,434,minecraft:beehive
333,10,436,minecraft:beehive
334,10,432,minecraft:beehive
332,10,434,minecraft:beehive
330,10,436,minecraft:beehive
335,10,432,minecraft:beehive
333,10,434,minecraft:beehive
331,10,436,minecraft:beehive
332,10,432,minecraft:beehive
330,10,434,minecraft:beehive
328,10,436,minecraft:beehive
326,4,433,minecraft:sign
333,10,432,minecraft:beehive
331,10,434,minecraft:beehive
329,10,436,minecraft:beehive
330,10,432,minecraft:beehive
328,10,434,minecraft:beehive
326,10,436,minecraft:beehive
331,10,432,minecraft:beehive
329,10,434,minecraft:beehive
327,10,436,minecraft:beehive
335,4,435,minecraft:sign
333,4,435,minecraft:sign
332,4,435,minecraft:sign
329,4,435,minecraft:sign
334,10,436,minecraft:beehive
330,4,435,minecraft:sign
335,10,436,minecraft:beehive
327,3,434,minecraft:beehive
329,3,432,minecraft:beehive
330,3,432,minecraft:beehive
328,3,434,minecraft:beehive
327,3,432,minecraft:beehive
328,3,432,minecraft:beehive
335,3,434,minecraft:beehive
335,3,432,minecraft:beehive
333,3,434,minecraft:beehive
334,3,434,minecraft:beehive
333,3,432,minecraft:beehive
331,3,434,minecraft:beehive
334,3,432,minecraft:beehive
332,3,434,minecraft:beehive
331,3,432,minecraft:beehive
329,3,434,minecraft:beehive
332,3,432,minecraft:beehive
330,3,434,minecraft:beehive
327,10,433,minecraft:beehive
325,10,435,minecraft:beehive
328,10,433,minecraft:beehive
326,10,435,minecraft:beehive
325,10,433,minecraft:beehive
326,10,433,minecraft:beehive
335,10,433,minecraft:beehive
333,10,435,minecraft:beehive
334,10,435,minecraft:beehive
326,4,434,minecraft:sign
333,10,433,minecraft:beehive
331,10,435,minecraft:beehive
334,10,433,minecraft:beehive
332,10,435,minecraft:beehive
326,4,432,minecraft:sign
331,10,433,minecraft:beehive
329,10,435,minecraft:beehive
332,10,433,minecraft:beehive
330,10,435,minecraft:beehive
329,10,433,minecraft:beehive
327,10,435,minecraft:beehive
330,10,433,minecraft:beehive
328,10,435,minecraft:beehive
331,12,434,minecraft:sign
335,10,435,minecraft:beehive
328,3,429,minecraft:beehive
327,3,429,minecraft:beehive
328,10,416,minecraft:beehive
329,10,416,minecraft:beehive
326,10,416,minecraft:beehive
327,10,416,minecraft:beehive
325,10,416,minecraft:beehive
328,10,424,minecraft:beehive
326,4,421,minecraft:sign
329,10,424,minecraft:beehive
334,10,416,minecraft:beehive
326,10,424,minecraft:beehive
335,10,416,minecraft:beehive
327,10,424,minecraft:beehive
332,10,416,minecraft:beehive
333,10,416,minecraft:beehive
325,10,424,minecraft:beehive
330,10,416,minecraft:beehive
331,10,416,minecraft:beehive
326,4,429,minecraft:sign
334,10,424,minecraft:beehive
335,10,424,minecraft:beehive
332,10,424,minecraft:beehive
333,10,424,minecraft:beehive
330,10,424,minecraft:beehive
331,10,424,minecraft:beehive
326,11,416,minecraft:sign
333,3,420,minecraft:beehive
334,3,420,minecraft:beehive
331,3,420,minecraft:beehive
332,3,420,minecraft:beehive
329,3,420,minecraft:beehive
330,3,420,minecraft:beehive
327,3,420,minecraft:beehive
328,3,420,minecraft:beehive
335,3,420,minecraft:beehive
327,3,428,minecraft:beehive
328,3,428,minecraft:beehive
326,4,420,minecraft:sign
329,10,423,minecraft:beehive
330,10,423,minecraft:beehive
327,10,423,minecraft:beehive
328,10,423,minecraft:beehive
325,10,423,minecraft:beehive
326,10,423,minecraft:beehive
326,4,428,minecraft:sign
329,10,431,minecraft:beehive
330,10,431,minecraft:beehive
335,10,423,minecraft:beehive
327,10,431,minecraft:beehive
328,10,431,minecraft:beehive
333,10,423,minecraft:beehive
325,10,431,minecraft:beehive
334,10,423,minecraft:beehive
326,10,431,minecraft:beehive
331,10,423,minecraft:beehive
332,10,423,minecraft:beehive
335,10,431,minecraft:beehive
333,10,431,minecraft:beehive
334,10,431,minecraft:beehive
331,10,431,minecraft:beehive
332,10,431,minecraft:beehive
327,3,419,minecraft:beehive
327,3,427,minecraft:beehive
328,3,419,minecraft:beehive
328,3,427,minecraft:beehive
330,10,422,minecraft:beehive
331,10,422,minecraft:beehive
328,10,422,minecraft:beehive
329,10,422,minecraft:beehive
326,10,422,minecraft:beehive
327,10,422,minecraft:beehive
325,10,422,minecraft:beehive
330,10,430,minecraft:beehive
331,10,430,minecraft:beehive
328,10,430,minecraft:beehive
329,10,430,minecraft:beehive
334,10,422,minecraft:beehive
326,10,430,minecraft:beehive
335,10,422,minecraft:beehive
327,10,430,minecraft:beehive
332,10,422,minecraft:beehive
333,10,422,minecraft:beehive
325,10,430,minecraft:beehive
334,10,430,minecraft:beehive
335,10,430,minecraft:beehive
332,10,430,minecraft:beehive
333,10,430,minecraft:beehive
327,3,418,minecraft:beehive
328,3,418,minecraft:beehive
327,3,426,minecraft:beehive
328,3,426,minecraft:beehive
335,3,426,minecraft:beehive
333,3,426,minecraft:beehive
334,3,426,minecraft:beehive
331,3,426,minecraft:beehive
332,3,426,minecraft:beehive
329,3,426,minecraft:beehive
330,3,426,minecraft:beehive
331,10,421,minecraft:beehive
332,10,421,minecraft:beehive
326,4,418,minecraft:sign
329,10,421,minecraft:beehive
330,10,421,minecraft:beehive
327,10,421,minecraft:beehive
328,10,421,minecraft:beehive
325,10,421,minecraft:beehive
326,10,421,minecraft:beehive
331,10,429,minecraft:beehive
332,10,429,minecraft:beehive
326,4,426,minecraft:sign
329,10,429,minecraft:beehive
330,10,429,minecraft:beehive
335,10,421,minecraft:beehive
327,10,429,minecraft:beehive
328,10,429,minecraft:beehive
333,10,421,minecraft:beehive
325,10,429,minecraft:beehive
334,10,421,minecraft:beehive
326,10,429,minecraft:beehive
327,12,430,minecraft:sign
334,0,424,minecraft:command_block
332,0,424,minecraft:command_block
330,0,424,minecraft:command_block
335,10,429,minecraft:beehive
328,0,424,minecraft:command_block
333,10,429,minecraft:beehive
334,10,429,minecraft:beehive
335,12,430,minecraft:sign
328,3,417,minecraft:beehive
327,3,417,minecraft:beehive
328,1,424,minecraft:command_block
334,1,424,minecraft:command_block
332,1,424,minecraft:command_block
330,1,424,minecraft:command_block
325,10,420,minecraft:beehive
332,10,420,minecraft:beehive
333,10,420,minecraft:beehive
325,10,428,minecraft:beehive
330,10,420,minecraft:beehive
331,10,420,minecraft:beehive
328,10,420,minecraft:beehive
326,4,417,minecraft:sign
329,10,420,minecraft:beehive
326,10,420,minecraft:beehive
327,10,420,minecraft:beehive
332,10,428,minecraft:beehive
333,10,428,minecraft:beehive
330,10,428,minecraft:beehive
331,10,428,minecraft:beehive
328,10,428,minecraft:beehive
326,4,425,minecraft:sign
329,10,428,minecraft:beehive
334,10,420,minecraft:beehive
326,10,428,minecraft:beehive
335,10,420,minecraft:beehive
327,10,428,minecraft:beehive
334,10,428,minecraft:beehive
335,10,428,minecraft:beehive
333,11,420,minecraft:sign
334,11,420,minecraft:sign
327,3,416,minecraft:beehive
328,3,416,minecraft:beehive
332,11,420,minecraft:sign
329,11,420,minecraft:sign
330,11,420,minecraft:sign
327,11,420,minecraft:sign
328,11,420,minecraft:sign
329,3,424,minecraft:beehive
328,1,423,minecraft:command_block
330,3,424,minecraft:beehive
327,3,424,minecraft:beehive
328,3,424,minecraft:beehive
335,11,420,minecraft:sign
335,3,424,minecraft:beehive
334,1,423,minecraft:command_block
333,3,424,minecraft:beehive
332,1,423,minecraft:command_block
334,3,424,minecraft:beehive
331,3,424,minecraft:beehive
330,1,423,minecraft:command_block
332,3,424,minecraft:beehive
325,10,419,minecraft:beehive
326,10,419,minecraft:beehive
333,10,419,minecraft:beehive
325,10,427,minecraft:beehive
334,10,419,minecraft:beehive
326,10,427,minecraft:beehive
331,10,419,minecraft:beehive
332,10,419,minecraft:beehive
326,4,416,minecraft:sign
329,10,419,minecraft:beehive
330,10,419,minecraft:beehive
327,10,419,minecraft:beehive
328,10,419,minecraft:beehive
333,10,427,minecraft:beehive
334,10,427,minecraft:beehive
331,10,427,minecraft:beehive
332,10,427,minecraft:beehive
326,4,424,minecraft:sign
329,10,427,minecraft:beehive
330,10,427,minecraft:beehive
335,10,419,minecraft:beehive
327,10,427,minecraft:beehive
328,10,427,minecraft:beehive
335,10,427,minecraft:beehive
326,11,419,minecraft:sign
331,3,423,minecraft:beehive
330,1,422,minecraft:command_block
329,3,423,minecraft:beehive
328,1,422,minecraft:command_block
327,3,423,minecraft:beehive
328,3,431,minecraft:beehive
335,3,423,minecraft:beehive
327,3,431,minecraft:beehive
334,1,422,minecraft:command_block
333,3,423,minecraft:beehive
332,1,422,minecraft:command_block
326,10,418,minecraft:beehive
327,10,418,minecraft:beehive
325,10,418,minecraft:beehive
334,10,418,minecraft:beehive
326,10,426,minecraft:beehive
335,10,418,minecraft:beehive
327,10,426,minecraft:beehive
332,10,418,minecraft:beehive
333,10,418,minecraft:beehive
325,10,426,minecraft:beehive
330,10,418,minecraft:beehive
331,10,418,minecraft:beehive
328,10,418,minecraft:beehive
329,10,418,minecraft:beehive
334,10,426,minecraft:beehive
335,10,426,minecraft:beehive
332,10,426,minecraft:beehive
333,10,426,minecraft:beehive
330,10,426,minecraft:beehive
331,10,426,minecraft:beehive
328,10,426,minecraft:beehive
329,10,426,minecraft:beehive
326,11,418,minecraft:sign
331,3,422,minecraft:beehive
332,3,422,minecraft:beehive
329,3,422,minecraft:beehive
330,3,422,minecraft:beehive
327,3,422,minecraft:beehive
328,3,422,minecraft:beehive
327,3,430,minecraft:beehive
335,3,422,minecraft:beehive
328,3,430,minecraft:beehive
333,3,422,minecraft:beehive
334,3,422,minecraft:beehive
327,10,417,minecraft:beehive
328,10,417,minecraft:beehive
325,10,417,minecraft:beehive
326,10,417,minecraft:beehive
335,10,417,minecraft:beehive
327,10,425,minecraft:beehive
328,10,425,minecraft:beehive
333,10,417,minecraft:beehive
325,10,425,minecraft:beehive
334,10,417,minecraft:beehive
326,10,425,minecraft:beehive
331,10,417,minecraft:beehive
332,10,417,minecraft:beehive
329,10,417,minecraft:beehive
330,10,417,minecraft:beehive
335,10,425,minecraft:beehive
333,10,425,minecraft:beehive
334,10,425,minecraft:beehive
331,10,425,minecraft:beehive
332,10,425,minecraft:beehive
326,4,422,minecraft:sign
329,10,425,minecraft:beehive
330,10,425,minecraft:beehive
331,12,426,minecraft:sign
326,4,430,minecraft:sign
326,11,417,minecraft:sign
304,4,462,minecraft:chest
305,4,461,minecraft:chest
305,4,462,minecraft:chest
304,4,461,minecraft:chest
332,3,413,minecraft:beehive
333,3,413,minecraft:beehive
330,3,413,minecraft:beehive
331,3,413,minecraft:beehive
328,3,413,minecraft:beehive
329,3,413,minecraft:beehive
327,3,413,minecraft:beehive
334,3,413,minecraft:beehive
335,3,413,minecraft:beehive
325,10,412,minecraft:beehive
331,14,410,minecraft:sign
326,4,413,minecraft:sign
328,10,412,minecraft:beehive
326,10,412,minecraft:beehive
327,10,412,minecraft:beehive
334,10,412,minecraft:beehive
335,10,412,minecraft:beehive
326,11,412,minecraft:sign
333,3,412,minecraft:beehive
334,3,412,minecraft:beehive
331,3,412,minecraft:beehive
332,3,412,minecraft:beehive
329,3,412,minecraft:beehive
330,3,412,minecraft:beehive
327,3,412,minecraft:beehive
328,3,412,minecraft:beehive
335,3,412,minecraft:beehive
325,10,411,minecraft:beehive
326,10,411,minecraft:beehive
328,12,408,minecraft:command_block
331,12,408,minecraft:command_block
330,12,408,minecraft:command_block
326,4,412,minecraft:sign
329,10,415,minecraft:beehive
334,10,411,minecraft:beehive
330,10,415,minecraft:beehive
331,10,411,minecraft:beehive
327,10,415,minecraft:beehive
332,10,411,minecraft:beehive
328,10,415,minecraft:beehive
325,10,415,minecraft:beehive
330,10,411,minecraft:beehive
326,10,415,minecraft:beehive
332,12,408,minecraft:command_block
327,10,411,minecraft:beehive
328,10,411,minecraft:beehive
335,10,415,minecraft:beehive
333,10,415,minecraft:beehive
334,10,415,minecraft:beehive
335,10,411,minecraft:beehive
331,10,415,minecraft:beehive
332,10,415,minecraft:beehive
326,11,411,minecraft:sign
328,3,415,minecraft:beehive
327,3,415,minecraft:beehive
326,10,410,minecraft:beehive
330,12,407,minecraft:command_block
327,10,410,minecraft:beehive
332,12,407,minecraft:command_block
325,10,410,minecraft:beehive
331,12,407,minecraft:command_block
327,4,411,minecraft:sign
334,10,410,minecraft:beehive
330,10,414,minecraft:beehive
328,4,411,minecraft:sign
335,10,410,minecraft:beehive
331,10,414,minecraft:beehive
332,10,410,minecraft:beehive
328,10,414,minecraft:beehive
333,10,410,minecraft:beehive
329,10,414,minecraft:beehive
330,10,410,minecraft:beehive
326,10,414,minecraft:beehive
331,10,410,minecraft:beehive
327,10,414,minecraft:beehive
328,10,410,minecraft:beehive
329,10,410,minecraft:beehive
325,10,414,minecraft:beehive
335,4,411,minecraft:sign
333,4,411,minecraft:sign
334,10,414,minecraft:beehive
332,4,411,minecraft:sign
335,10,414,minecraft:beehive
329,4,411,minecraft:sign
332,10,414,minecraft:beehive
330,4,411,minecraft:sign
333,10,414,minecraft:beehive
327,11,410,minecraft:sign
328,11,410,minecraft:sign
335,11,410,minecraft:sign
334,11,410,minecraft:sign
331,11,410,minecraft:sign
332,11,410,minecraft:sign
330,11,410,minecraft:sign
326,11,414,minecraft:sign
331,3,414,minecraft:beehive
332,3,414,minecraft:beehive
329,3,414,minecraft:beehive
330,3,414,minecraft:beehive
327,3,414,minecraft:beehive
328,3,414,minecraft:beehive
335,3,414,minecraft:beehive
333,3,414,minecraft:beehive
334,3,414,minecraft:beehive
331,12,406,minecraft:command_block
330,12,406,minecraft:command_block
332,12,406,minecraft:command_block
331,10,413,minecraft:beehive
332,10,413,minecraft:beehive
329,10,413,minecraft:beehive
330,10,413,minecraft:beehive
327,10,413,minecraft:beehive
328,10,413,minecraft:beehive
325,10,413,minecraft:beehive
326,10,413,minecraft:beehive
335,10,413,minecraft:beehive
326,4,414,minecraft:sign
333,10,413,minecraft:beehive
334,10,413,minecraft:beehive
330,13,410,minecraft:sign
331,11,413,minecraft:sign
331,13,410,minecraft:sign
326,11,413,minecraft:sign
332,13,410,minecraft:sign
289,6,427,minecraft:command_block
289,6,428,minecraft:command_block
289,6,426,minecraft:command_block
289,6,429,minecraft:command_block
336,11,417,minecraft:sign
340,3,429,minecraft:beehive
338,3,429,minecraft:beehive
336,10,416,minecraft:beehive
337,10,416,minecraft:beehive
344,10,416,minecraft:beehive
345,10,416,minecraft:beehive
342,10,416,minecraft:beehive
343,10,416,minecraft:beehive
340,10,416,minecraft:beehive
341,10,416,minecraft:beehive
350,3,429,minecraft:beehive
338,10,416,minecraft:beehive
351,3,429,minecraft:beehive
339,10,416,minecraft:beehive
350,10,416,minecraft:beehive
351,10,416,minecraft:beehive
348,10,416,minecraft:beehive
349,10,416,minecraft:beehive
346,10,416,minecraft:beehive
347,10,416,minecraft:beehive
336,11,416,minecraft:sign
340,3,428,minecraft:beehive
338,3,428,minecraft:beehive
350,3,428,minecraft:beehive
351,3,428,minecraft:beehive
337,10,431,minecraft:beehive
338,10,431,minecraft:beehive
336,10,431,minecraft:beehive
345,10,431,minecraft:beehive
346,10,431,minecraft:beehive
343,10,431,minecraft:beehive
344,10,431,minecraft:beehive
341,10,431,minecraft:beehive
342,10,431,minecraft:beehive
339,10,431,minecraft:beehive
340,10,431,minecraft:beehive
351,10,431,minecraft:beehive
349,10,431,minecraft:beehive
350,10,431,minecraft:beehive
347,10,431,minecraft:beehive
348,10,431,minecraft:beehive
340,3,427,minecraft:beehive
338,3,427,minecraft:beehive
350,3,427,minecraft:beehive
351,3,427,minecraft:beehive
338,10,430,minecraft:beehive
339,10,430,minecraft:beehive
336,10,430,minecraft:beehive
337,10,430,minecraft:beehive
346,10,430,minecraft:beehive
347,10,430,minecraft:beehive
344,10,430,minecraft:beehive
345,10,430,minecraft:beehive
342,10,430,minecraft:beehive
343,10,430,minecraft:beehive
340,10,430,minecraft:beehive
341,10,430,minecraft:beehive
350,10,430,minecraft:beehive
351,10,430,minecraft:beehive
348,10,430,minecraft:beehive
349,10,430,minecraft:beehive
336,3,426,minecraft:beehive
343,3,426,minecraft:beehive
344,3,426,minecraft:beehive
341,3,426,minecraft:beehive
342,3,426,minecraft:beehive
340,3,426,minecraft:beehive
337,3,426,minecraft:beehive
338,3,426,minecraft:beehive
351,3,426,minecraft:beehive
349,3,426,minecraft:beehive
350,3,426,minecraft:beehive
347,3,426,minecraft:beehive
348,3,426,minecraft:beehive
345,3,426,minecraft:beehive
346,3,426,minecraft:beehive
339,10,429,minecraft:beehive
340,10,429,minecraft:beehive
341,12,430,minecraft:sign
337,10,429,minecraft:beehive
338,10,429,minecraft:beehive
336,10,429,minecraft:beehive
342,0,424,minecraft:command_block
347,10,429,minecraft:beehive
348,10,429,minecraft:beehive
349,12,430,minecraft:sign
340,0,424,minecraft:command_block
345,10,429,minecraft:beehive
346,10,429,minecraft:beehive
338,0,424,minecraft:command_block
343,10,429,minecraft:beehive
344,10,429,minecraft:beehive
336,0,424,minecraft:command_block
341,10,429,minecraft:beehive
342,10,429,minecraft:beehive
350,0,424,minecraft:command_block
348,0,424,minecraft:command_block
346,0,424,minecraft:command_block
351,10,429,minecraft:beehive
344,0,424,minecraft:command_block
349,10,429,minecraft:beehive
350,10,429,minecraft:beehive
336,1,424,minecraft:command_block
344,1,424,minecraft:command_block
342,1,424,minecraft:command_block
340,1,424,minecraft:command_block
338,1,424,minecraft:command_block
350,1,424,minecraft:command_block
348,1,424,minecraft:command_block
346,1,424,minecraft:command_block
340,10,428,minecraft:beehive
341,10,428,minecraft:beehive
338,10,428,minecraft:beehive
339,10,428,minecraft:beehive
336,10,428,minecraft:beehive
337,10,428,minecraft:beehive
348,10,428,minecraft:beehive
349,10,428,minecraft:beehive
346,10,428,minecraft:beehive
347,10,428,minecraft:beehive
344,10,428,minecraft:beehive
340,0,423,minecraft:command_block
345,10,428,minecraft:beehive
342,10,428,minecraft:beehive
343,10,428,minecraft:beehive
350,10,428,minecraft:beehive
351,10,428,minecraft:beehive
337,3,424,minecraft:beehive
336,1,423,minecraft:command_block
338,3,424,minecraft:beehive
336,3,424,minecraft:beehive
345,3,424,minecraft:beehive
344,1,423,minecraft:command_block
346,3,424,minecraft:beehive
343,3,424,minecraft:beehive
342,1,423,minecraft:command_block
344,3,424,minecraft:beehive
341,3,424,minecraft:beehive
340,1,423,minecraft:command_block
342,3,424,minecraft:beehive
338,1,423,minecraft:command_block
340,3,424,minecraft:beehive
351,3,424,minecraft:beehive
350,1,423,minecraft:command_block
349,3,424,minecraft:beehive
348,1,423,minecraft:command_block
350,3,424,minecraft:beehive
347,3,424,minecraft:beehive
346,1,423,minecraft:command_block
348,3,424,minecraft:beehive
341,10,427,minecraft:beehive
342,10,427,minecraft:beehive
339,10,427,minecraft:beehive
340,10,427,minecraft:beehive
337,10,427,minecraft:beehive
338,10,427,minecraft:beehive
336,10,427,minecraft:beehive
349,10,427,minecraft:beehive
350,10,427,minecraft:beehive
347,10,427,minecraft:beehive
348,10,427,minecraft:beehive
345,10,427,minecraft:beehive
346,10,427,minecraft:beehive
343,10,427,minecraft:beehive
344,10,427,minecraft:beehive
351,10,427,minecraft:beehive
338,1,422,minecraft:command_block
337,3,423,minecraft:beehive
336,1,422,minecraft:command_block
347,3,423,minecraft:beehive
346,1,422,minecraft:command_block
345,3,423,minecraft:beehive
344,1,422,minecraft:command_block
343,3,423,minecraft:beehive
342,1,422,minecraft:command_block
341,3,423,minecraft:beehive
340,1,422,minecraft:command_block
351,3,423,minecraft:beehive
350,1,422,minecraft:command_block
349,3,423,minecraft:beehive
348,1,422,minecraft:command_block
342,10,426,minecraft:beehive
343,10,426,minecraft:beehive
340,10,426,minecraft:beehive
341,10,426,minecraft:beehive
338,10,426,minecraft:beehive
339,10,426,minecraft:beehive
336,10,426,minecraft:beehive
337,10,426,minecraft:beehive
350,10,426,minecraft:beehive
351,10,426,minecraft:beehive
348,10,426,minecraft:beehive
349,10,426,minecraft:beehive
346,10,426,minecraft:beehive
347,10,426,minecraft:beehive
344,10,426,minecraft:beehive
345,10,426,minecraft:beehive
340,3,422,minecraft:beehive
337,3,422,minecraft:beehive
338,3,422,minecraft:beehive
336,3,422,minecraft:beehive
347,3,422,minecraft:beehive
348,3,422,minecraft:beehive
345,3,422,minecraft:beehive
346,3,422,minecraft:beehive
343,3,422,minecraft:beehive
344,3,422,minecraft:beehive
341,3,422,minecraft:beehive
342,3,422,minecraft:beehive
351,3,422,minecraft:beehive
349,3,422,minecraft:beehive
350,3,422,minecraft:beehive
336,10,425,minecraft:beehive
343,10,425,minecraft:beehive
344,10,425,minecraft:beehive
345,12,426,minecraft:sign
341,10,425,minecraft:beehive
342,10,425,minecraft:beehive
339,10,425,minecraft:beehive
340,10,425,minecraft:beehive
337,10,425,minecraft:beehive
338,10,425,minecraft:beehive
351,10,425,minecraft:beehive
349,10,425,minecraft:beehive
350,10,425,minecraft:beehive
347,10,425,minecraft:beehive
348,10,425,minecraft:beehive
345,10,425,minecraft:beehive
346,10,425,minecraft:beehive
336,10,424,minecraft:beehive
337,10,424,minecraft:beehive
344,10,424,minecraft:beehive
345,10,424,minecraft:beehive
342,10,424,minecraft:beehive
343,10,424,minecraft:beehive
340,10,424,minecraft:beehive
341,10,424,minecraft:beehive
338,10,424,minecraft:beehive
339,10,424,minecraft:beehive
350,10,424,minecraft:beehive
351,10,424,minecraft:beehive
348,10,424,minecraft:beehive
349,10,424,minecraft:beehive
346,10,424,minecraft:beehive
347,10,424,minecraft:beehive
341,3,420,minecraft:beehive
342,3,420,minecraft:beehive
340,3,420,minecraft:beehive
337,3,420,minecraft:beehive
338,3,420,minecraft:beehive
336,3,420,minecraft:beehive
349,3,420,minecraft:beehive
350,3,420,minecraft:beehive
347,3,420,minecraft:beehive
348,3,420,minecraft:beehive
345,3,420,minecraft:beehive
346,3,420,minecraft:beehive
343,3,420,minecraft:beehive
344,3,420,minecraft:beehive
351,3,420,minecraft:beehive
337,10,423,minecraft:beehive
338,10,423,minecraft:beehive
336,10,423,minecraft:beehive
345,10,423,minecraft:beehive
346,10,423,minecraft:beehive
343,10,423,minecraft:beehive
344,10,423,minecraft:beehive
341,10,423,minecraft:beehive
342,10,423,minecraft:beehive
339,10,423,minecraft:beehive
340,10,423,minecraft:beehive
351,10,423,minecraft:beehive
349,10,423,minecraft:beehive
350,10,423,minecraft:beehive
347,10,423,minecraft:beehive
348,10,423,minecraft:beehive
338,11,423,minecraft:command_block
340,3,419,minecraft:beehive
338,3,419,minecraft:beehive
350,3,419,minecraft:beehive
351,3,419,minecraft:beehive
338,10,422,minecraft:beehive
339,10,422,minecraft:beehive
336,10,422,minecraft:beehive
337,10,422,minecraft:beehive
346,10,422,minecraft:beehive
347,10,422,minecraft:beehive
344,10,422,minecraft:beehive
345,10,422,minecraft:beehive
342,10,422,minecraft:beehive
343,10,422,minecraft:beehive
340,10,422,minecraft:beehive
341,10,422,minecraft:beehive
350,10,422,minecraft:beehive
351,10,422,minecraft:beehive
348,10,422,minecraft:beehive
349,10,422,minecraft:beehive
338,11,422,minecraft:command_block
340,3,418,minecraft:beehive
338,3,418,minecraft:beehive
351,3,418,minecraft:beehive
350,3,418,minecraft:beehive
339,10,421,minecraft:beehive
340,10,421,minecraft:beehive
337,10,421,minecraft:beehive
338,10,421,minecraft:beehive
336,10,421,minecraft:beehive
347,10,421,minecraft:beehive
348,10,421,minecraft:beehive
345,10,421,minecraft:beehive
346,10,421,minecraft:beehive
343,10,421,minecraft:beehive
344,10,421,minecraft:beehive
341,10,421,minecraft:beehive
342,10,421,minecraft:beehive
351,10,421,minecraft:beehive
349,10,421,minecraft:beehive
350,10,421,minecraft:beehive
340,3,417,minecraft:beehive
338,3,417,minecraft:beehive
350,3,417,minecraft:beehive
351,3,417,minecraft:beehive
340,10,420,minecraft:beehive
341,10,420,minecraft:beehive
338,10,420,minecraft:beehive
339,10,420,minecraft:beehive
336,10,420,minecraft:beehive
337,10,420,minecraft:beehive
348,10,420,minecraft:beehive
349,10,420,minecraft:beehive
346,10,420,minecraft:beehive
347,10,420,minecraft:beehive
344,10,420,minecraft:beehive
345,10,420,minecraft:beehive
342,10,420,minecraft:beehive
343,10,420,minecraft:beehive
350,10,420,minecraft:beehive
351,10,420,minecraft:beehive
338,3,416,minecraft:beehive
340,3,416,minecraft:beehive
351,3,416,minecraft:beehive
350,3,416,minecraft:beehive
341,10,419,minecraft:beehive
342,10,419,minecraft:beehive
339,10,419,minecraft:beehive
340,10,419,minecraft:beehive
337,10,419,minecraft:beehive
338,10,419,minecraft:beehive
336,10,419,minecraft:beehive
349,10,419,minecraft:beehive
350,10,419,minecraft:beehive
347,10,419,minecraft:beehive
348,10,419,minecraft:beehive
345,10,419,minecraft:beehive
346,10,419,minecraft:beehive
343,10,419,minecraft:beehive
344,10,419,minecraft:beehive
351,10,419,minecraft:beehive
336,11,419,minecraft:sign
338,3,431,minecraft:beehive
340,3,431,minecraft:beehive
342,10,418,minecraft:beehive
343,10,418,minecraft:beehive
340,10,418,minecraft:beehive
341,10,418,minecraft:beehive
350,3,431,minecraft:beehive
338,10,418,minecraft:beehive
351,3,431,minecraft:beehive
339,10,418,minecraft:beehive
336,10,418,minecraft:beehive
337,10,418,minecraft:beehive
350,10,418,minecraft:beehive
351,10,418,minecraft:beehive
348,10,418,minecraft:beehive
349,10,418,minecraft:beehive
346,10,418,minecraft:beehive
347,10,418,minecraft:beehive
344,10,418,minecraft:beehive
345,12,419,minecraft:sign
345,10,418,minecraft:beehive
336,11,418,minecraft:sign
340,3,430,minecraft:beehive
338,3,430,minecraft:beehive
336,10,417,minecraft:beehive
343,10,417,minecraft:beehive
344,10,417,minecraft:beehive
341,10,417,minecraft:beehive
342,10,417,minecraft:beehive
351,3,430,minecraft:beehive
339,10,417,minecraft:beehive
340,10,417,minecraft:beehive
337,10,417,minecraft:beehive
350,3,430,minecraft:beehive
338,10,417,minecraft:beehive
351,10,417,minecraft:beehive
349,10,417,minecraft:beehive
350,10,417,minecraft:beehive
347,10,417,minecraft:beehive
348,10,417,minecraft:beehive
345,10,417,minecraft:beehive
346,10,417,minecraft:beehive
336,11,413,minecraft:sign
340,3,413,minecraft:beehive
341,3,413,minecraft:beehive
338,3,413,minecraft:beehive
336,3,413,minecraft:beehive
337,3,413,minecraft:beehive
348,3,413,minecraft:beehive
349,3,413,minecraft:beehive
346,3,413,minecraft:beehive
347,3,413,minecraft:beehive
344,3,413,minecraft:beehive
345,3,413,minecraft:beehive
342,3,413,minecraft:beehive
343,3,413,minecraft:beehive
350,3,413,minecraft:beehive
351,3,413,minecraft:beehive
340,10,412,minecraft:beehive
341,10,412,minecraft:beehive
338,10,412,minecraft:beehive
339,10,412,minecraft:beehive
336,10,412,minecraft:beehive
337,10,412,minecraft:beehive
348,10,412,minecraft:beehive
349,10,412,minecraft:beehive
346,10,412,minecraft:beehive
347,10,412,minecraft:beehive
344,10,412,minecraft:beehive
345,10,412,minecraft:beehive
342,10,412,minecraft:beehive
343,10,412,minecraft:beehive
350,10,412,minecraft:beehive
351,10,412,minecraft:beehive
336,11,412,minecraft:sign
341,3,412,minecraft:beehive
342,3,412,minecraft:beehive
340,3,412,minecraft:beehive
337,3,412,minecraft:beehive
338,3,412,minecraft:beehive
336,3,412,minecraft:beehive
349,3,412,minecraft:beehive
350,3,412,minecraft:beehive
347,3,412,minecraft:beehive
348,3,412,minecraft:beehive
345,3,412,minecraft:beehive
346,3,412,minecraft:beehive
343,3,412,minecraft:beehive
344,3,412,minecraft:beehive
351,3,412,minecraft:beehive
341,10,411,minecraft:beehive
337,10,415,minecraft:beehive
342,10,411,minecraft:beehive
338,10,415,minecraft:beehive
339,10,411,minecraft:beehive
340,10,411,minecraft:beehive
336,10,415,minecraft:beehive
337,10,411,minecraft:beehive
338,10,411,minecraft:beehive
336,10,411,minecraft:beehive
349,10,411,minecraft:beehive
345,10,415,minecraft:beehive
350,10,411,minecraft:beehive
346,10,415,minecraft:beehive
347,10,411,minecraft:beehive
343,10,415,minecraft:beehive
348,10,411,minecraft:beehive
344,10,415,minecraft:beehive
345,10,411,minecraft:beehive
341,10,415,minecraft:beehive
346,10,411,minecraft:beehive
342,10,415,minecraft:beehive
343,10,411,minecraft:beehive
339,10,415,minecraft:beehive
344,10,411,minecraft:beehive
340,10,415,minecraft:beehive
351,10,415,minecraft:beehive
349,10,415,minecraft:beehive
350,10,415,minecraft:beehive
351,10,411,minecraft:beehive
347,10,415,minecraft:beehive
348,10,415,minecraft:beehive
336,11,411,minecraft:sign
338,3,415,minecraft:beehive
340,3,415,minecraft:beehive
350,3,415,minecraft:beehive
351,3,415,minecraft:beehive
342,10,410,minecraft:beehive
338,10,414,minecraft:beehive
336,4,411,minecraft:sign
343,10,410,minecraft:beehive
339,10,414,minecraft:beehive
340,10,410,minecraft:beehive
336,10,414,minecraft:beehive
341,10,410,minecraft:beehive
337,10,414,minecraft:beehive
338,10,410,minecraft:beehive
339,10,410,minecraft:beehive
336,10,410,minecraft:beehive
337,10,410,minecraft:beehive
343,4,411,minecraft:sign
350,10,410,minecraft:beehive
346,10,414,minecraft:beehive
351,10,410,minecraft:beehive
347,10,414,minecraft:beehive
341,4,411,minecraft:sign
348,10,410,minecraft:beehive
344,10,414,minecraft:beehive
342,4,411,minecraft:sign
349,10,410,minecraft:beehive
345,10,414,minecraft:beehive
346,10,410,minecraft:beehive
342,10,414,minecraft:beehive
340,4,411,minecraft:sign
347,10,410,minecraft:beehive
343,10,414,minecraft:beehive
337,4,411,minecraft:sign
344,10,410,minecraft:beehive
340,10,414,minecraft:beehive
341,12,415,minecraft:sign
345,12,411,minecraft:sign
338,4,411,minecraft:sign
345,10,410,minecraft:beehive
341,10,414,minecraft:beehive
351,4,411,minecraft:sign
349,4,411,minecraft:sign
350,4,411,minecraft:sign
350,10,414,minecraft:beehive
348,4,411,minecraft:sign
351,10,414,minecraft:beehive
345,4,411,minecraft:sign
348,10,414,minecraft:beehive
349,12,415,minecraft:sign
346,4,411,minecraft:sign
349,10,414,minecraft:beehive
336,11,414,minecraft:sign
340,3,414,minecraft:beehive
337,3,414,minecraft:beehive
338,3,414,minecraft:beehive
336,3,414,minecraft:beehive
347,3,414,minecraft:beehive
348,3,414,minecraft:beehive
345,3,414,minecraft:beehive
346,3,414,minecraft:beehive
343,3,414,minecraft:beehive
344,3,414,minecraft:beehive
341,3,414,minecraft:beehive
342,3,414,minecraft:beehive
351,3,414,minecraft:beehive
349,3,414,minecraft:beehive
350,3,414,minecraft:beehive
339,10,413,minecraft:beehive
340,10,413,minecraft:beehive
337,10,413,minecraft:beehive
338,10,413,minecraft:beehive
336,10,413,minecraft:beehive
347,10,413,minecraft:beehive
348,10,413,minecraft:beehive
345,10,413,minecraft:beehive
346,10,413,minecraft:beehive
343,10,413,minecraft:beehive
344,10,413,minecraft:beehive
341,10,413,minecraft:beehive
339,4,410,minecraft:command_block
342,10,413,minecraft:beehive
351,10,413,minecraft:beehive
349,10,413,minecraft:beehive
350,10,413,minecraft:beehive
275,6,442,minecraft:sign
281,4,439,minecraft:command_block
283,6,437,minecraft:command_block
283,6,435,minecraft:sign
284,2,444,minecraft:command_block
282,2,446,minecraft:command_block
282,0,444,minecraft:command_block
284,2,445,minecraft:command_block
282,2,447,minecraft:command_block
282,0,445,minecraft:command_block
282,2,444,minecraft:command_block
282,2,445,minecraft:command_block
284,0,446,minecraft:command_block
284,0,447,minecraft:command_block
284,2,446,minecraft:command_block
284,0,444,minecraft:command_block
282,0,446,minecraft:command_block
284,2,447,minecraft:command_block
284,0,445,minecraft:command_block
282,0,447,minecraft:command_block
282,7,444,minecraft:sign
275,3,444,minecraft:command_block
279,7,442,minecraft:sign
282,1,445,minecraft:command_block
284,3,445,minecraft:command_block
282,3,447,minecraft:command_block
284,1,444,minecraft:command_block
282,1,446,minecraft:command_block
284,3,446,minecraft:command_block
282,3,445,minecraft:command_block
284,7,447,minecraft:sign
282,1,444,minecraft:command_block
284,3,444,minecraft:command_block
282,3,446,minecraft:command_block
287,7,442,minecraft:sign
284,7,445,minecraft:sign
282,7,447,minecraft:sign
282,3,444,minecraft:command_block
284,7,446,minecraft:sign
282,7,445,minecraft:sign
282,7,446,minecraft:sign
284,7,444,minecraft:sign
284,1,447,minecraft:command_block
284,1,445,minecraft:command_block
282,1,447,minecraft:command_block
284,3,447,minecraft:command_block
284,1,446,minecraft:command_block
256,4,435,minecraft:command_block
256,4,433,minecraft:command_block
282,7,420,minecraft:sign
280,5,420,minecraft:ender_chest
282,7,417,minecraft:sign
283,7,416,minecraft:sign
283,7,417,minecraft:sign
282,7,416,minecraft:sign
279,5,428,minecraft:sign
279,7,428,minecraft:sign
284,5,421,minecraft:sign
279,7,429,minecraft:sign
286,5,420,minecraft:ender_chest
279,7,426,minecraft:sign
279,7,427,minecraft:sign
284,5,420,minecraft:lectern
283,7,420,minecraft:sign
284,7,420,minecraft:sign
287,7,428,minecraft:sign
287,7,429,minecraft:sign
287,7,426,minecraft:sign
287,7,427,minecraft:sign
283,6,417,minecraft:command_block
282,6,418,minecraft:command_block
284,6,416,minecraft:command_block
284,8,418,minecraft:sign
283,8,420,minecraft:bell
283,6,418,minecraft:command_block
284,6,417,minecraft:command_block
282,6,416,minecraft:command_block
282,8,418,minecraft:sign
283,6,416,minecraft:command_block
282,6,417,minecraft:command_block
283,8,418,minecraft:sign
277,6,429,minecraft:command_block
277,6,427,minecraft:command_block
277,6,428,minecraft:command_block
284,6,418,minecraft:command_block
277,6,426,minecraft:command_block
283,6,415,minecraft:command_block
284,6,414,minecraft:command_block
284,6,415,minecraft:command_block
283,6,413,minecraft:command_block
282,6,414,minecraft:command_block
282,7,415,minecraft:sign
283,7,414,minecraft:sign
284,7,413,minecraft:sign
283,6,414,minecraft:command_block
282,6,415,minecraft:command_block
284,6,413,minecraft:command_block
283,7,415,minecraft:sign
284,7,414,minecraft:sign
282,7,413,minecraft:sign
282,6,413,minecraft:command_block
282,7,414,minecraft:sign
283,7,413,minecraft:sign
216,2,777,minecraft:command_block
222,2,773,minecraft:command_block
212,7,778,minecraft:barrel
223,2,777,minecraft:command_block
351,10,433,minecraft:beehive
349,10,433,minecraft:beehive
350,10,433,minecraft:beehive
347,10,433,minecraft:beehive
348,10,433,minecraft:beehive
345,10,433,minecraft:beehive
346,10,433,minecraft:beehive
336,3,433,minecraft:beehive
337,3,433,minecraft:beehive
344,3,433,minecraft:beehive
345,3,433,minecraft:beehive
342,3,433,minecraft:beehive
343,3,433,minecraft:beehive
340,3,433,minecraft:beehive
341,3,433,minecraft:beehive
338,3,433,minecraft:beehive
350,3,433,minecraft:beehive
351,3,433,minecraft:beehive
348,3,433,minecraft:beehive
349,3,433,minecraft:beehive
346,3,433,minecraft:beehive
347,3,433,minecraft:beehive
336,10,432,minecraft:beehive
337,10,432,minecraft:beehive
344,10,432,minecraft:beehive
340,10,436,minecraft:beehive
345,10,432,minecraft:beehive
341,10,436,minecraft:beehive
342,10,432,minecraft:beehive
338,10,436,minecraft:beehive
343,10,432,minecraft:beehive
339,10,436,minecraft:beehive
340,10,432,minecraft:beehive
336,10,436,minecraft:beehive
341,10,432,minecraft:beehive
337,10,436,minecraft:beehive
338,10,432,minecraft:beehive
339,10,432,minecraft:beehive
348,10,436,minecraft:beehive
349,10,436,minecraft:beehive
350,10,432,minecraft:beehive
346,10,436,minecraft:beehive
351,10,432,minecraft:beehive
347,10,436,minecraft:beehive
348,10,432,minecraft:beehive
344,10,436,minecraft:beehive
349,10,432,minecraft:beehive
345,10,436,minecraft:beehive
346,10,432,minecraft:beehive
342,10,436,minecraft:beehive
347,10,432,minecraft:beehive
343,10,436,minecraft:beehive
350,10,436,minecraft:beehive
351,10,436,minecraft:beehive
337,3,432,minecraft:beehive
338,3,432,minecraft:beehive
336,3,432,minecraft:beehive
345,3,432,minecraft:beehive
346,3,432,minecraft:beehive
343,3,432,minecraft:beehive
344,3,432,minecraft:beehive
341,3,432,minecraft:beehive
342,3,432,minecraft:beehive
340,3,432,minecraft:beehive
351,3,432,minecraft:beehive
349,3,432,minecraft:beehive
350,3,432,minecraft:beehive
347,3,432,minecraft:beehive
348,3,432,minecraft:beehive
341,10,435,minecraft:beehive
342,10,435,minecraft:beehive
339,10,435,minecraft:beehive
340,10,435,minecraft:beehive
337,10,435,minecraft:beehive
338,10,435,minecraft:beehive
336,10,435,minecraft:beehive
349,10,435,minecraft:beehive
350,10,435,minecraft:beehive
347,10,435,minecraft:beehive
348,10,435,minecraft:beehive
345,10,435,minecraft:beehive
339,4,436,minecraft:command_block
346,10,435,minecraft:beehive
343,10,435,minecraft:beehive
344,10,435,minecraft:beehive
351,10,435,minecraft:beehive
342,10,434,minecraft:beehive
336,4,435,minecraft:sign
343,10,434,minecraft:beehive
340,10,434,minecraft:beehive
341,10,434,minecraft:beehive
338,10,434,minecraft:beehive
339,10,434,minecraft:beehive
336,10,434,minecraft:beehive
337,10,434,minecraft:beehive
343,4,435,minecraft:sign
350,10,434,minecraft:beehive
351,10,434,minecraft:beehive
341,4,435,minecraft:sign
348,10,434,minecraft:beehive
342,4,435,minecraft:sign
349,10,434,minecraft:beehive
346,10,434,minecraft:beehive
340,4,435,minecraft:sign
347,10,434,minecraft:beehive
337,4,435,minecraft:sign
344,10,434,minecraft:beehive
338,4,435,minecraft:sign
345,10,434,minecraft:beehive
351,4,435,minecraft:sign
349,4,435,minecraft:sign
350,4,435,minecraft:sign
348,4,435,minecraft:sign
345,4,435,minecraft:sign
346,4,435,minecraft:sign
336,3,434,minecraft:beehive
343,3,434,minecraft:beehive
344,3,434,minecraft:beehive
341,3,434,minecraft:beehive
342,3,434,minecraft:beehive
340,3,434,minecraft:beehive
337,3,434,minecraft:beehive
338,3,434,minecraft:beehive
351,3,434,minecraft:beehive
349,3,434,minecraft:beehive
350,3,434,minecraft:beehive
347,3,434,minecraft:beehive
348,3,434,minecraft:beehive
345,3,434,minecraft:beehive
346,3,434,minecraft:beehive
336,10,433,minecraft:beehive
343,10,433,minecraft:beehive
344,10,433,minecraft:beehive
345,12,434,minecraft:sign
341,10,433,minecraft:beehive
342,10,433,minecraft:beehive
339,10,433,minecraft:beehive
340,10,433,minecraft:beehive
337,10,433,minecraft:beehive
338,10,433,minecraft:beehive
255,4,435,minecraft:sign
255,4,433,minecraft:sign
276,4,502,minecraft:command_block
215,9,796,minecraft:command_block
212,7,784,minecraft:chest
213,10,796,minecraft:sign
214,2,785,minecraft:command_block
214,10,814,minecraft:barrel
214,10,813,minecraft:barrel
214,10,812,minecraft:barrel
214,4,813,minecraft:enchanting_table
214,5,811,minecraft:lectern
213,2,809,minecraft:command_block
220,3,809,minecraft:command_block
216,5,813,minecraft:lectern
214,5,815,minecraft:lectern
211,7,810,minecraft:chest
256,4,427,minecraft:command_block
256,4,425,minecraft:command_block
256,4,430,minecraft:command_block
256,4,431,minecraft:command_block
255,4,427,minecraft:sign
255,4,425,minecraft:sign
255,4,431,minecraft:sign
255,4,430,minecraft:sign
352,10,432,minecraft:beehive
353,10,432,minecraft:beehive
352,10,433,minecraft:beehive
352,4,434,minecraft:sign
352,4,432,minecraft:sign
352,4,433,minecraft:sign
353,10,435,minecraft:beehive
352,10,436,minecraft:beehive
353,10,436,minecraft:beehive
353,10,433,minecraft:beehive
352,10,434,minecraft:beehive
353,10,434,minecraft:beehive
352,10,435,minecraft:beehive
352,4,426,minecraft:sign
353,10,431,minecraft:beehive
352,4,424,minecraft:sign
353,10,429,minecraft:beehive
352,10,430,minecraft:beehive
352,4,425,minecraft:sign
353,10,430,minecraft:beehive
352,10,431,minecraft:beehive
352,4,422,minecraft:sign
353,10,427,minecraft:beehive
352,10,428,minecraft:beehive
353,10,428,minecraft:beehive
352,10,429,minecraft:beehive
352,4,420,minecraft:sign
353,10,425,minecraft:beehive
352,10,426,minecraft:beehive
352,4,421,minecraft:sign
353,10,426,minecraft:beehive
352,10,427,minecraft:beehive
352,4,430,minecraft:sign
352,4,428,minecraft:sign
352,4,429,minecraft:sign
352,10,416,minecraft:beehive
353,10,416,minecraft:beehive
352,10,417,minecraft:beehive
352,4,418,minecraft:sign
353,10,423,minecraft:beehive
352,10,424,minecraft:beehive
353,10,424,minecraft:beehive
352,10,425,minecraft:beehive
352,4,416,minecraft:sign
353,10,421,minecraft:beehive
352,10,422,minecraft:beehive
352,4,417,minecraft:sign
353,10,422,minecraft:beehive
352,10,423,minecraft:beehive
353,10,419,minecraft:beehive
352,10,420,minecraft:beehive
353,10,420,minecraft:beehive
352,10,421,minecraft:beehive
353,10,417,minecraft:beehive
352,10,418,minecraft:beehive
353,10,418,minecraft:beehive
352,10,419,minecraft:beehive
353,10,415,minecraft:beehive
353,10,413,minecraft:beehive
352,10,414,minecraft:beehive
353,10,414,minecraft:beehive
352,10,415,minecraft:beehive
353,10,411,minecraft:beehive
352,10,412,minecraft:beehive
353,10,412,minecraft:beehive
352,10,413,minecraft:beehive
352,10,410,minecraft:beehive
353,10,410,minecraft:beehive
352,10,411,minecraft:beehive
352,4,414,minecraft:sign
352,4,412,minecraft:sign
352,4,413,minecraft:sign
192,11,368,minecraft:dropper
194,11,368,minecraft:comparator
193,11,368,minecraft:dropper
197,9,369,minecraft:comparator
199,9,369,minecraft:comparator
198,9,369,minecraft:comparator
192,7,370,minecraft:hopper
195,3,372,minecraft:comparator
197,5,375,minecraft:hopper
198,7,376,minecraft:dropper
196,5,375,minecraft:hopper
197,7,376,minecraft:dropper
197,9,373,minecraft:comparator
199,9,373,minecraft:comparator
198,9,373,minecraft:comparator
195,3,370,minecraft:hopper
199,5,375,minecraft:hopper
198,5,375,minecraft:hopper
199,7,376,minecraft:dropper
200,5,375,minecraft:hopper
197,8,370,minecraft:comparator
196,8,376,minecraft:dropper
198,4,370,minecraft:hopper
195,4,376,minecraft:comparator
198,4,372,minecraft:hopper
197,8,372,minecraft:comparator
199,8,370,minecraft:comparator
193,6,373,minecraft:comparator
199,8,372,minecraft:comparator
198,4,368,minecraft:hopper
201,8,376,minecraft:hopper
200,8,376,minecraft:dropper
198,4,374,minecraft:hopper
192,7,371,minecraft:dropper
197,7,369,minecraft:comparator
192,7,369,minecraft:comparator
199,7,373,minecraft:comparator
198,9,376,minecraft:dropper
198,7,373,minecraft:comparator
197,9,376,minecraft:dropper
195,3,375,minecraft:dropper
199,9,376,minecraft:dropper
199,7,369,minecraft:comparator
198,7,369,minecraft:comparator
197,7,373,minecraft:comparator
195,3,371,minecraft:hopper
193,6,372,minecraft:comparator
198,4,371,minecraft:hopper
198,4,373,minecraft:hopper
195,4,375,minecraft:hopper
198,4,369,minecraft:hopper
198,4,375,minecraft:hopper
195,7,361,minecraft:sign
193,7,363,minecraft:hopper
194,8,363,minecraft:dropper
193,7,362,minecraft:comparator
195,7,360,minecraft:sign
193,8,363,minecraft:hopper
193,6,364,minecraft:chest
193,7,365,minecraft:comparator
197,6,360,minecraft:ender_chest
198,7,360,minecraft:sign
195,7,362,minecraft:sign
193,7,364,minecraft:hopper
198,4,365,minecraft:dropper
197,4,365,minecraft:comparator
193,6,366,minecraft:dropper
199,6,360,minecraft:ender_chest
192,6,366,minecraft:dropper
193,6,367,minecraft:comparator
198,4,360,minecraft:command_block
198,4,367,minecraft:hopper
198,4,366,minecraft:hopper
201,4,363,minecraft:command_block
207,6,344,minecraft:sign
207,6,345,minecraft:sign
198,8,351,minecraft:sign
197,8,351,minecraft:sign
199,8,351,minecraft:sign
198,9,350,minecraft:dropper
152,6,337,minecraft:bell
137,5,336,minecraft:bed
137,5,335,minecraft:bed
202,9,319,minecraft:hopper
198,9,319,minecraft:hopper
198,8,319,minecraft:hopper
199,9,319,minecraft:hopper
198,7,319,minecraft:hopper
197,6,319,minecraft:chest
200,9,319,minecraft:hopper
198,6,319,minecraft:chest
201,9,319,minecraft:hopper
131,5,304,minecraft:bed
131,5,305,minecraft:bed
137,5,301,minecraft:bed
137,5,302,minecraft:bed
119,7,293,minecraft:furnace
119,6,293,minecraft:furnace
103,4,305,minecraft:sign
105,4,305,minecraft:sign
106,4,305,minecraft:command_block
106,5,299,minecraft:bell
103,4,301,minecraft:command_block
103,4,302,minecraft:sign
101,4,301,minecraft:command_block
101,4,302,minecraft:sign
104,5,293,minecraft:bed
105,5,293,minecraft:bed
104,5,272,minecraft:bed
105,5,272,minecraft:bed
318,4,478,minecraft:command_block
318,4,478,minecraft:command_block
318,4,478,minecraft:command_block
318,4,478,minecraft:command_block
90,5,322,minecraft:bed
90,5,323,minecraft:bed
285,5,476,minecraft:command_block
286,5,476,minecraft:command_block
287,5,476,minecraft:command_block
288,5,476,minecraft:command_block
289,5,476,minecraft:command_block
289,5,477,minecraft:command_block
288,5,477,minecraft:command_block
287,5,477,minecraft:command_block
