x,y,z,uuid,type,alive,display_name,custom_name
-2.859854555206028,29.0,26.780142186193885,479b5788-4796-4a66-82da-3c55985797be,minecraft:boat,true,Boat,[null]
-2.880859375,29.0,17.0419921875,3d9a6a45-66a7-4037-b60c-d3b2a6ec53fc,minecraft:boat,true,Boat,[null]
-0.5186188909132156,43.0,17.681168780328356,2490b85d-71fc-4211-86eb-5e93f26a324a,minecraft:boat,true,Boat,[null]
-0.285015534897083,44.0,24.383565312314165,bde2f163-d16b-4122-bd47-516cbd8a6818,minecraft:boat,true,Boat,[null]
-8.291956633852202,37.0,42.43673605643395,6f0c0b5c-df7c-4195-af16-6d3e55433e07,minecraft:boat,true,Boat,[null]
-5.047847758943728,39.1875,41.14095922505279,70a84370-341b-4145-b972-7585eba3ba45,minecraft:boat,true,Boat,[null]
-11.390625,42.0,41.274169921875,2ac68c41-2b24-4ef9-95ea-1aff51e0102a,minecraft:boat,true,Boat,[null]
-1.349396892085093,29.0,12.690486130486752,482a66cf-a098-4443-bcdb-6dea197c7030,minecraft:boat,true,Boat,[null]
-2.634693544046487,30.0,7.975326835393801,85067b7b-7307-46e6-aada-a37e030cdb6f,minecraft:boat,true,Boat,[null]
1.4369181643852404,29.0,21.937166110882277,97d00da7-2cd7-493c-a1bb-22e837e8347a,minecraft:boat,true,Boat,[null]
7.3623572115834,42.0,18.151064008836677,18064471-e598-43c7-abdc-1b6567dacee6,minecraft:boat,true,Boat,[null]
0.215087890625,45.0,31.156982421875,4db21a38-62b8-46f8-b9a0-3773c164e458,minecraft:boat,true,Boat,[null]
17.6875,31.0,40.8828125,3976d141-7246-4583-8c22-61cda186bdc5,minecraft:boat,true,Boat,[null]
284.03125,6.5,464.5,8e2c9323-5c6a-4e96-b76c-b304e505f6f1,minecraft:item_frame,true,Item Frame,[null]
284.03125,6.5,465.5,5f0491d7-ac78-415b-97c5-f7a98c4dcf82,minecraft:item_frame,true,Item Frame,[null]
284.03125,6.5,466.5,b536b4a6-4270-4345-9cfa-fbdba0864d2a,minecraft:item_frame,true,Item Frame,[null]
282.96875,6.5,466.5,91a7da02-8bb4-4233-89a1-a428ac98538f,minecraft:item_frame,true,Item Frame,[null]
282.96875,6.5,465.5,61e4bbb9-4ecd-487a-937c-168d86bc8d47,minecraft:item_frame,true,Item Frame,[null]
282.96875,6.5,464.5,ed656528-6d11-41f9-96f6-33f40809a76e,minecraft:item_frame,true,Item Frame,[null]
201.03125,9.0,766.0,2c9f0781-825c-48d0-b588-973ae7a02de2,minecraft:painting,true,Painting,[null]
203.0,9.0,767.96875,243c1206-898d-4f78-a52e-5936c3d66a99,minecraft:painting,true,Painting,[null]
200.5,10.0,777.5,6aa34b98-db58-498f-93f0-bf9722a62175,minecraft:armor_stand,true,Armor Stand,[null]
200.5,10.0,781.5,f4f3de27-cd0b-4f55-9da0-72b5b1e1c127,minecraft:armor_stand,true,Armor Stand,[null]
200.5,4.0,777.5,eff197e3-d6ae-4831-b6da-2f90c077645d,minecraft:armor_stand,true,Armor Stand,[null]
200.5,10.0,785.5,b9349ceb-3f5c-42ca-b371-2593e5946b40,minecraft:armor_stand,true,Armor Stand,[null]
200.5,4.0,785.5,0367886e-ddeb-4fa9-b1f1-e05a8a777314,minecraft:armor_stand,true,Armor Stand,[null]
194.03125,5.0,794.0,939cebb6-72f1-447e-bd0a-13ca34472092,minecraft:painting,true,Painting,[null]
194.03125,5.0,791.0,259edef4-e08e-4d0e-abce-bfe336ff8dbe,minecraft:painting,true,Painting,[null]
194.03125,5.0,797.0,504e30dd-cb85-40b1-a122-262d454b464c,minecraft:painting,true,Painting,[null]
282.96875,6.5,448.5,e220d763-8a6c-4876-a0bf-36e489216f47,minecraft:item_frame,true,Item Frame,[null]
282.96875,6.5,449.5,09216fab-d0a7-4fda-b2e5-0a1cf27cf0b9,minecraft:item_frame,true,Item Frame,[null]
284.03125,6.5,449.5,bcdfe7c6-3d63-496a-b215-9efce1ebeffa,minecraft:item_frame,true,Item Frame,[null]
284.03125,6.5,448.5,797c6a6e-c945-429b-a6d4-7a4eef4c0120,minecraft:item_frame,true,Item Frame,[null]
284.03125,6.5,461.5,3bc3726e-6911-48c1-97c4-49fa4527b561,minecraft:item_frame,true,Item Frame,[null]
284.03125,6.5,462.5,158a280f-8bf1-4e81-957c-811db352d9d3,minecraft:item_frame,true,Item Frame,[null]
284.03125,6.5,463.5,79cf83c0-2e90-4d78-bf51-20105889a7a4,minecraft:item_frame,true,Item Frame,[null]
282.96875,6.5,463.5,d195d50d-4eca-4a6b-883d-39629b12dac5,minecraft:item_frame,true,Item Frame,[null]
282.96875,6.5,462.5,5b6f770c-3eca-4e15-9c23-56a0aa3f83b2,minecraft:item_frame,true,Item Frame,[null]
282.96875,6.5,461.5,b2ab4c0c-1b90-4395-b17d-49cb886b1f20,minecraft:item_frame,true,Item Frame,[null]
334.5,6.5,424.03125,ad009bb4-5428-4700-b80a-feeadad63f1c,minecraft:item_frame,true,Item Frame,[null]
332.5,6.5,424.03125,02fffcea-6f66-4cba-83dd-47a3797a8976,minecraft:item_frame,true,Item Frame,[null]
330.5,6.5,424.03125,85737293-2ff7-4ce4-a10c-d3cd58a6c1aa,minecraft:item_frame,true,Item Frame,[null]
328.5,6.5,424.03125,0d3b6df0-e129-42a7-9482-4ec9875b35cb,minecraft:item_frame,true,Item Frame,[null]
328.5,6.5,422.96875,cc372fc8-58f6-489f-b2cd-85d6ba2ede35,minecraft:item_frame,true,Item Frame,[null]
330.5,6.5,422.96875,8c51f33d-47a9-4914-9f73-d91d700448bc,minecraft:item_frame,true,Item Frame,[null]
332.5,6.5,422.96875,5699b22d-3811-46e6-8a27-a577756154e1,minecraft:item_frame,true,Item Frame,[null]
334.5,6.5,422.96875,98d92bbc-f78e-489c-b305-0e0ae841b866,minecraft:item_frame,true,Item Frame,[null]
350.5,6.5,424.03125,db79f829-04d5-49b3-b70b-65c1823205cc,minecraft:item_frame,true,Item Frame,[null]
348.5,6.5,424.03125,9f4358d5-78fe-46e4-84d5-1e568396267d,minecraft:item_frame,true,Item Frame,[null]
346.5,6.5,424.03125,74d20025-8b25-497c-9607-a83432f04a5e,minecraft:item_frame,true,Item Frame,[null]
344.5,6.5,424.03125,568f32e2-a850-4fcb-b420-a63ca7ed90c6,minecraft:item_frame,true,Item Frame,[null]
342.5,6.5,424.03125,97088c97-b667-45b2-a06d-6f25e20f37db,minecraft:item_frame,true,Item Frame,[null]
340.5,6.5,424.03125,dfdd258a-ebb9-4166-9361-05d2eac135ed,minecraft:item_frame,true,Item Frame,[null]
338.5,6.5,424.03125,d5b50a87-a6c4-403c-9eaa-705deac9a47d,minecraft:item_frame,true,Item Frame,[null]
336.5,6.5,424.03125,9151f317-3027-4719-bc3f-243fad72d996,minecraft:item_frame,true,Item Frame,[null]
336.5,6.5,422.96875,5669a183-cc00-495f-a85f-a236a842d223,minecraft:item_frame,true,Item Frame,[null]
338.5,6.5,422.96875,4da9fb95-9b29-454c-811f-1674ecc49298,minecraft:item_frame,true,Item Frame,[null]
340.5,6.5,422.96875,331d9d6a-e2c0-4e55-87bb-73af4b347484,minecraft:item_frame,true,Item Frame,[null]
342.5,6.5,422.96875,86fe2644-b78c-4edf-bbec-a5f768b8d6a7,minecraft:item_frame,true,Item Frame,[null]
344.5,6.5,422.96875,91406394-71a3-4463-8ed0-1c52bf5de0a6,minecraft:item_frame,true,Item Frame,[null]
346.5,6.5,422.96875,9576d840-f3c3-49ae-95ac-6a5f380049f1,minecraft:item_frame,true,Item Frame,[null]
348.5,6.5,422.96875,b6068275-59bb-4ef7-83ad-9f3dee2dff7b,minecraft:item_frame,true,Item Frame,[null]
350.5,6.5,422.96875,56a3ad9d-cd2f-45d8-b217-73ed77856262,minecraft:item_frame,true,Item Frame,[null]
282.96875,6.5,444.5,6943e7f3-c1f7-4f40-96d6-74ec61ee4d7c,minecraft:item_frame,true,Item Frame,[null]
282.96875,6.5,445.5,09dcc86d-5d65-472e-8574-732985ad2700,minecraft:item_frame,true,Item Frame,[null]
282.96875,6.5,446.5,6c38d882-eff3-4b68-956e-a9393f7bea78,minecraft:item_frame,true,Item Frame,[null]
282.96875,6.5,447.5,51fc4527-da1b-4a8f-8cab-7b189c09aab5,minecraft:item_frame,true,Item Frame,[null]
284.03125,6.5,447.5,f44e268d-4790-442e-ab4b-edf7ced78291,minecraft:item_frame,true,Item Frame,[null]
284.03125,6.5,446.5,a3248c95-b1c9-41ae-b567-75775a978d5b,minecraft:item_frame,true,Item Frame,[null]
284.03125,6.5,445.5,b4df662e-70fa-42ce-b5bf-49702c8b5ce6,minecraft:item_frame,true,Item Frame,[null]
284.03125,6.5,444.5,abf64bfb-0f03-4cd6-8d5d-41ba042eb5f2,minecraft:item_frame,true,Item Frame,[null]
283.5,5.03125,439.5,305d7e58-461d-4dad-8445-572ddceb5e7a,minecraft:item_frame,true,Item Frame,[null]
283.5,5.03125,438.5,314bd195-7b07-4cdc-a29a-6513020caca0,minecraft:item_frame,true,Item Frame,[null]
282.5,5.03125,438.5,92c48ccb-16b9-4544-a5d6-b7d9789c7d5c,minecraft:item_frame,true,Item Frame,[null]
282.5,5.03125,439.5,125e948c-ee28-40ba-a408-12f437dc3eb3,minecraft:item_frame,true,Item Frame,[null]
282.5,5.03125,440.5,6ae76ae9-2471-495b-b8d9-5d489182c4d2,minecraft:item_frame,true,Item Frame,[null]
283.5,5.03125,440.5,8082b0d4-e7be-439b-b564-17298308fdf6,minecraft:item_frame,true,Item Frame,[null]
284.5,5.03125,440.5,66b9d801-b791-49b2-b3ab-621dab1c4487,minecraft:item_frame,true,Item Frame,[null]
284.5,5.03125,439.5,388d7761-5d38-4046-9d54-cb7dbd08d3cb,minecraft:item_frame,true,Item Frame,[null]
284.5,5.5,438.03125,c4f6d42a-9e5c-4da0-9e01-4de1b831bbb8,minecraft:item_frame,true,Item Frame,[null]
284.5,5.03125,438.5,73b81899-b5ef-48b8-852a-259b435ea446,minecraft:item_frame,true,Item Frame,[null]
283.5,5.5,438.03125,28a1c649-883d-4268-bb79-c479d026d656,minecraft:item_frame,true,Item Frame,[null]
282.5,5.5,438.03125,e50cf0f7-917f-417a-8729-870a84b67404,minecraft:item_frame,true,Item Frame,[null]
282.5,6.5,438.03125,5b76395f-c973-4085-8552-61f4db2debde,minecraft:item_frame,true,Item Frame,[null]
283.5,6.5,438.03125,2cdfca1e-3ee0-4d26-8483-cb8f0f31528c,minecraft:item_frame,true,Item Frame,[null]
284.5,6.5,438.03125,3d7ea0c9-8c56-4c99-986e-64be8fb13004,minecraft:item_frame,true,Item Frame,[null]
284.5,7.5,438.03125,15df5ebb-ea9f-4bc5-bc9f-6bc48635a7db,minecraft:item_frame,true,Item Frame,[null]
283.5,7.5,438.03125,e5720005-b95a-4e8e-b42c-b5af5c3f8498,minecraft:item_frame,true,Item Frame,[null]
282.5,7.5,438.03125,1587cf8e-63af-4095-8df8-5b4c6aa46a29,minecraft:item_frame,true,Item Frame,[null]
284.96875,5.5,438.5,5e60bf27-88e2-447e-bc0b-505319f11c5d,minecraft:item_frame,true,Item Frame,[null]
284.96875,6.5,438.5,eb84ead5-ebbc-40ca-9ba6-920bc8082b71,minecraft:item_frame,true,Item Frame,[null]
284.96875,7.5,439.5,d8e596ff-ddd4-4b68-8084-154bd9ede186,minecraft:item_frame,true,Item Frame,[null]
284.96875,7.5,440.5,e88429ec-3c2e-4482-aa1c-de21aec42e26,minecraft:item_frame,true,Item Frame,[null]
284.96875,7.5,438.5,9fa63fa3-4bc9-4a08-a35e-e33f4272f2ec,minecraft:item_frame,true,Item Frame,[null]
284.96875,6.5,439.5,f395e62a-61fe-45e9-bae2-75a3f0f009ee,minecraft:item_frame,true,Item Frame,[null]
284.96875,6.5,440.5,7680a3a0-e855-44d1-896a-330a6c53e20d,minecraft:item_frame,true,Item Frame,[null]
284.96875,5.5,440.5,22147f0a-f9d1-4643-a9bd-de7b1993da3d,minecraft:item_frame,true,Item Frame,[null]
284.96875,5.5,439.5,6e83f16f-b808-46e2-921f-1c73a3e49844,minecraft:item_frame,true,Item Frame,[null]
283.5,5.5,440.96875,15cf0c96-beb4-47a9-820a-162f77447380,minecraft:item_frame,true,Item Frame,[null]
282.5,5.5,440.96875,e940e067-c5a1-434f-9153-909e3a49d28e,minecraft:item_frame,true,Item Frame,[null]
284.5,5.5,440.96875,1ae373e5-5b4e-4589-9b28-5a9b7ee7dfba,minecraft:item_frame,true,Item Frame,[null]
284.5,6.5,440.96875,ce45f32d-9893-43ee-9dca-d299a3c7baa4,minecraft:item_frame,true,Item Frame,[null]
283.5,6.5,440.96875,9b9b19ee-323e-4d70-b550-0652eed755e7,minecraft:item_frame,true,Item Frame,[null]
282.5,6.5,440.96875,5a77e584-8177-4f2e-98ad-d26ccd6b5e44,minecraft:item_frame,true,Item Frame,[null]
282.5,7.5,440.96875,3050a2b2-dc70-4862-81bd-2192a1f86bd4,minecraft:item_frame,true,Item Frame,[null]
283.5,7.5,440.96875,19821dce-df90-4479-9532-684c6487fd8a,minecraft:item_frame,true,Item Frame,[null]
284.5,7.5,440.96875,08860b5b-712a-47bf-b9cc-ca8052ae07a5,minecraft:item_frame,true,Item Frame,[null]
282.03125,7.5,439.5,45f010b1-a643-41d3-a700-e082645c0aa2,minecraft:item_frame,true,Item Frame,[null]
282.03125,7.5,438.5,e0e4b0d9-99ef-42f3-9489-33fcbf2ab6f2,minecraft:item_frame,true,Item Frame,[null]
282.03125,7.5,440.5,9a77f1b3-3d36-4ec5-a54f-80dd85afb1e2,minecraft:item_frame,true,Item Frame,[null]
282.03125,6.5,440.5,f5015eef-f5e7-4a63-b63e-533e306394a7,minecraft:item_frame,true,Item Frame,[null]
282.03125,6.5,438.5,c422406b-e01e-4556-a7da-e837d17cff31,minecraft:item_frame,true,Item Frame,[null]
282.03125,5.5,438.5,3ffb6e44-ee85-444e-9fe5-7903ef54edc5,minecraft:item_frame,true,Item Frame,[null]
282.03125,5.5,440.5,a3b8b0a8-01d6-4ae1-9e93-ee228a78cfa5,minecraft:item_frame,true,Item Frame,[null]
282.5,7.96875,440.5,5ab1268d-851e-49ef-859a-f887c7012c51,minecraft:item_frame,true,Item Frame,[null]
282.5,7.96875,439.5,30a07dde-181b-475a-b72c-1c619ccda2cf,minecraft:item_frame,true,Item Frame,[null]
282.5,7.96875,438.5,ab23be9b-3d9b-4c17-8aec-278733800c02,minecraft:item_frame,true,Item Frame,[null]
283.5,7.96875,438.5,586b92e7-6c21-4ee9-8799-47eb45d008f5,minecraft:item_frame,true,Item Frame,[null]
284.5,7.96875,438.5,c8d96152-eb40-4417-b6ab-4def0007ec6f,minecraft:item_frame,true,Item Frame,[null]
284.5,7.96875,439.5,e3b85f75-3c12-4ac6-bc40-b753a352d89e,minecraft:item_frame,true,Item Frame,[null]
284.5,7.96875,440.5,75c65dcb-99db-4fe9-88b0-44df82fef52f,minecraft:item_frame,true,Item Frame,[null]
283.5,7.96875,440.5,d8abea51-781d-401f-b57b-6f299416bd55,minecraft:item_frame,true,Item Frame,[null]
283.5,7.96875,439.5,f6b87157-b94b-47e0-b685-00e123a3d4e3,minecraft:item_frame,true,Item Frame,[null]
282.03125,5.5,439.5,ab8e1a9e-b088-467e-9111-705d97e6147e,minecraft:item_frame,true,Item Frame,[null]
282.03125,6.5,439.5,7cf3c54a-54e0-4335-abce-83a7272a99ee,minecraft:item_frame,true,Item Frame,[null]
219.5,10.0,781.5,2fc0b09f-fb70-44c0-b7b7-ccc4412aaeee,minecraft:armor_stand,true,Armor Stand,[null]
219.5,10.0,777.5,72984fdb-48d3-40f5-9548-17084d153a7a,minecraft:armor_stand,true,Armor Stand,[null]
201.5,4.0,813.5,917492ea-4f16-4988-a42e-4fc05726c76b,minecraft:armor_stand,true,Armor Stand,[null]
201.5,4.0,809.5,a04369f9-d2ee-4722-9b9c-ac78165fed88,minecraft:armor_stand,true,Armor Stand,[null]
194.03125,5.0,803.0,9435537e-f964-4476-bd24-50e0164b884b,minecraft:painting,true,Painting,[null]
194.03125,5.0,800.0,b329df10-a3d5-401d-ba8c-2724ac8655e9,minecraft:painting,true,Painting,[null]
215.5,4.0,785.5,ea91523b-081e-4d35-9cca-3513aeb71bb3,minecraft:armor_stand,true,Armor Stand,[null]
219.5,10.0,785.5,82228c74-121d-4c25-94f8-0a7fe6fec930,minecraft:armor_stand,true,Armor Stand,[null]
210.5,7.5,801.03125,214e5876-bfde-4f24-a261-53925588737e,minecraft:painting,true,Painting,[null]
216.72942531548148,12.599999994039536,813.264818128975,06c5618b-d705-445e-bd9b-416f178f1d37,minecraft:tropical_fish,true,Tropical Fish,[null]
215.25717090340802,12.279061232868468,812.2571707289153,53f509fc-0c79-47e6-9659-e844d475fda5,minecraft:tropical_fish,true,Tropical Fish,[null]
215.25,11.561930534006619,812.8591737353254,54015ec0-ec43-485e-b261-0c05b2ae9ffb,minecraft:tropical_fish,true,Tropical Fish,[null]
217.5,10.0,809.5,097bdad1-6199-4300-9590-30ad40f1b91c,minecraft:armor_stand,true,Armor Stand,[null]
214.5,4.0,809.5,626cf231-e0cd-45cf-919a-ec0a306712e2,minecraft:armor_stand,true,Armor Stand,[null]
214.96875,9.0,803.0,2cfd95f3-61ff-4016-8db8-aafb57df690d,minecraft:painting,true,Painting,[null]
213.0,9.0,801.03125,9273578f-0136-4f0a-bfe7-74a0472aa4a8,minecraft:painting,true,Painting,[null]
267.2085849735378,12.0,443.2277992214129,282722fc-2fc8-47e9-812d-d6ead34d2a15,minecraft:player,true,Sw3d15h_F1s4,[null]
200.5,8.5,366.96875,13c2dbe7-7827-4767-a0d7-75256d9cf105,minecraft:item_frame,true,Item Frame,[null]
200.5,10.5,366.96875,4ec34274-1919-4da2-8ff1-544bee1e3a43,minecraft:item_frame,true,Item Frame,[null]
196.5,10.5,366.96875,963e8c61-a582-4d9a-8409-c20ed9a85e27,minecraft:item_frame,true,Item Frame,[null]
196.5,8.5,366.96875,ca8a040e-05b0-4916-84e1-bf4cc9d1d9ff,minecraft:item_frame,true,Item Frame,[null]
198.5,6.5,366.96875,3195098b-dd47-489e-b7c0-288fd61017f5,minecraft:item_frame,true,Item Frame,[null]
196.5,6.5,366.96875,af70463b-e789-4acd-9793-1ad1a45540e5,minecraft:item_frame,true,Item Frame,[null]
198.5,10.5,366.96875,cf16d604-c254-4a79-a409-b115f055c32b,minecraft:item_frame,true,Item Frame,[null]
200.5,6.5,366.96875,af379646-32fc-446c-befc-85a0a2ad5fa5,minecraft:item_frame,true,Item Frame,[null]
191.5,8.0,324.5,55e01296-d98d-4021-9281-3b74e17f9b70,minecraft:armor_stand,true,Armor Stand,[null]
190.5,9.0,325.5,ad2e1657-caf8-44a7-8820-042cb6c145b6,minecraft:armor_stand,true,Armor Stand,[null]
189.5,10.0,321.5,84a6bc5f-075d-4778-a588-82c39430dc4c,minecraft:armor_stand,true,Armor Stand,[null]
191.5,8.0,321.5,f40c39d6-9537-4f43-b5f4-b57f58c601e7,minecraft:armor_stand,true,Armor Stand,[null]
193.03125,6.5,325.5,c21ce618-c1c6-4156-94fe-490984c3f8d5,minecraft:item_frame,true,Item Frame,[null]
193.03125,6.5,324.5,50a6f408-d060-4f53-9b28-4a28edc63b7c,minecraft:item_frame,true,Item Frame,[null]
193.03125,6.5,321.5,cb63259a-bf29-4903-b068-8e0234d5fb73,minecraft:item_frame,true,Item Frame,[null]
193.03125,6.5,322.5,2e8f6710-f4a5-460a-82d8-fa319a321972,minecraft:item_frame,true,Item Frame,[null]
203.96875,6.5,322.5,06a47024-dc91-4a75-a988-202465745770,minecraft:item_frame,true,Item Frame,[null]
203.96875,6.5,324.5,678f7de0-bb41-42bb-9c04-8cf29657ba06,minecraft:item_frame,true,Item Frame,[null]
203.96875,6.5,325.5,12aa98e9-c65c-4c8a-986c-97562c73a2b5,minecraft:item_frame,true,Item Frame,[null]
192.5,7.0,325.5,8e5a0f6b-b83a-4140-9c16-3422ccc8712b,minecraft:armor_stand,true,Armor Stand,[null]
192.5,7.0,322.5,3b244458-df9e-4668-a1a2-9aa2619b144a,minecraft:armor_stand,true,Armor Stand,[null]
203.96875,6.5,321.5,3e03a0e4-1253-46ce-a3ee-b7b5db4459d1,minecraft:item_frame,true,Item Frame,[null]
204.5,7.0,321.5,c3784125-d985-4386-b9c2-88ddcb2e1dc6,minecraft:armor_stand,true,Armor Stand,[null]
205.5,8.0,322.5,39462bdf-2677-403f-84ce-a43997d2e844,minecraft:armor_stand,true,Armor Stand,[null]
206.5,9.0,321.5,18eb0639-3cdd-4ea3-9ea7-ca2623bcc601,minecraft:armor_stand,true,Armor Stand,[null]
204.5,7.0,324.5,6e53fc6e-062d-44bf-b55a-d9c2c0677fd7,minecraft:armor_stand,true,Armor Stand,[null]
207.5,10.0,322.5,8554cb8f-fa22-48e9-b0ed-c533ee69655d,minecraft:armor_stand,true,Armor Stand,[null]
208.5,11.0,324.5,a0b86917-9829-441c-8f5a-84b0548fb4b1,minecraft:armor_stand,true,Armor Stand,[null]
193.03125,6.5,319.5,2659ac20-9dc3-438f-990c-f68f1e55b0ed,minecraft:item_frame,true,Item Frame,[null]
193.03125,6.5,318.5,ee248f29-606e-4162-90ec-586183be2c46,minecraft:item_frame,true,Item Frame,[null]
193.03125,6.5,316.5,d2792176-bd5e-41eb-90f2-8b05e44ce920,minecraft:item_frame,true,Item Frame,[null]
193.03125,6.5,315.5,4e13b097-7504-4682-b09e-a05276e8b005,minecraft:item_frame,true,Item Frame,[null]
193.5,6.5,314.03125,d2dd1257-ba73-4fb0-bf92-bb3aedc13b17,minecraft:item_frame,true,Item Frame,[null]
194.5,6.5,314.03125,be2c5062-8e78-407e-a657-9b0b2b8e28b6,minecraft:item_frame,true,Item Frame,[null]
196.5,6.5,314.03125,c21d5432-84f6-48be-9bd0-e5c974d65782,minecraft:item_frame,true,Item Frame,[null]
197.5,6.5,314.03125,a0eb0f94-e111-4e0e-ad41-df2cbf27131f,minecraft:item_frame,true,Item Frame,[null]
199.5,6.5,314.03125,6a53eaa3-2e97-4e59-9556-fa8e0f2548b1,minecraft:item_frame,true,Item Frame,[null]
200.5,6.5,314.03125,e709ba8c-229e-46d0-a17b-7b8f19896c49,minecraft:item_frame,true,Item Frame,[null]
202.5,6.5,314.03125,cdf74bb4-a09e-446a-acd8-2a012924c882,minecraft:item_frame,true,Item Frame,[null]
203.5,6.5,314.03125,1673bd92-638d-4c55-81f1-ba677eb8ff22,minecraft:item_frame,true,Item Frame,[null]
203.96875,6.5,315.5,8dfe61e8-b819-4df8-83a7-47509e29a0fd,minecraft:item_frame,true,Item Frame,[null]
203.96875,6.5,316.5,ee3cea23-fe6f-4e37-b601-1610ec9e3ae7,minecraft:item_frame,true,Item Frame,[null]
203.96875,6.5,318.5,042dbbd9-8e19-450c-905d-bd6a6049277f,minecraft:item_frame,true,Item Frame,[null]
203.96875,6.5,319.5,4c07d40a-6a14-4774-b0f8-77db23c093e9,minecraft:item_frame,true,Item Frame,[null]
192.5,7.0,319.5,699cbf81-a855-4f25-ae84-249f5bb06a34,minecraft:armor_stand,true,Armor Stand,[null]
192.5,7.0,316.5,df2db934-3635-4916-a8c2-5a8c4232242e,minecraft:armor_stand,true,Armor Stand,[null]
193.5,7.0,313.5,a6df3bf3-10d8-4b1a-ba61-59b4a33d6287,minecraft:armor_stand,true,Armor Stand,[null]
193.5,9.0,311.5,f8efb6dd-25f8-4c47-9c4e-805ce9875d97,minecraft:armor_stand,true,Armor Stand,[null]
193.5,11.0,309.5,b49c878f-a728-4619-97d1-8a8b09c53a23,minecraft:armor_stand,true,Armor Stand,[null]
202.5,11.0,309.5,eca33c99-2701-401f-b211-d6a4c1dc3406,minecraft:armor_stand,true,Armor Stand,[null]
203.5,10.0,310.5,cab7214f-0b95-4847-9315-d3e08eae0014,minecraft:armor_stand,true,Armor Stand,[null]
196.5,9.0,311.5,fb1baad9-e0cf-4566-bbbc-f35829ccb9a9,minecraft:armor_stand,true,Armor Stand,[null]
199.5,9.0,311.5,b8e43487-4b78-464b-9d0c-54a29dd672f9,minecraft:armor_stand,true,Armor Stand,[null]
200.5,8.0,312.5,ddd2b1eb-686f-41cb-b80e-9e14cad99597,minecraft:armor_stand,true,Armor Stand,[null]
197.5,8.0,312.5,a4c83c46-2cdb-457f-95b0-c9364b5f4c5d,minecraft:armor_stand,true,Armor Stand,[null]
196.5,7.0,313.5,90e43999-60c3-425e-b3e1-598d8e6b04b7,minecraft:armor_stand,true,Armor Stand,[null]
199.5,7.0,313.5,2ee6ac61-cddb-4ae6-ad3e-de5df7b35ec1,minecraft:armor_stand,true,Armor Stand,[null]
202.5,7.0,313.5,b627ae41-f250-4095-81f0-2850e3483fa7,minecraft:armor_stand,true,Armor Stand,[null]
204.5,7.0,315.5,05b03a17-fe73-4723-a532-9a132ffbde53,minecraft:armor_stand,true,Armor Stand,[null]
205.5,8.0,316.5,31eb3839-2c88-4b12-a324-fce9aa4b40d6,minecraft:armor_stand,true,Armor Stand,[null]
205.5,8.0,315.5,a1e37a49-c306-4a83-9703-448209815d67,minecraft:armor_stand,true,Armor Stand,[null]
206.5,9.0,315.5,5f6d5bb0-dda3-4898-bd99-2286a5607fc2,minecraft:armor_stand,true,Armor Stand,[null]
207.5,10.0,316.5,bf6ef9b6-391b-45ee-ad96-bd5639a6eb6e,minecraft:armor_stand,true,Armor Stand,[null]
207.5,10.0,318.5,d97bee4f-35ab-466d-9f8d-ce31dd54c149,minecraft:armor_stand,true,Armor Stand,[null]
206.5,9.0,318.5,10f2c05b-d6c7-46b3-ada6-100316978f32,minecraft:armor_stand,true,Armor Stand,[null]
205.5,8.0,319.5,cfd64568-d163-4dd0-bc6f-45292d3411d8,minecraft:armor_stand,true,Armor Stand,[null]
204.5,7.0,318.5,3802c7ce-6238-402f-a450-a3d9255d5c52,minecraft:armor_stand,true,Armor Stand,[null]
194.5,9.0,311.5,c826a41d-df60-47f6-a62a-b2dc84fad438,minecraft:armor_stand,true,Armor Stand,[null]
188.5,11.0,319.5,03f55036-6a70-4f90-8ae1-53dd1d474c2b,minecraft:armor_stand,true,Armor Stand,[null]
188.5,11.0,316.5,469a3e34-521f-49cd-86a2-63c1f9789ea1,minecraft:armor_stand,true,Armor Stand,[null]
189.5,10.0,318.5,065adf09-2b5e-4fe6-b143-c1e8b573911c,minecraft:armor_stand,true,Armor Stand,[null]
191.5,8.0,318.5,ba426544-106f-4f11-822d-08c686dc05d4,minecraft:armor_stand,true,Armor Stand,[null]
